ÀÌ¸§,ÆÀ,,fWAR,(RA9+f)/2 WAR,ÀÌ´×,½ÇÁ¡,ÀÚÃ¥Á¡,»ïÁø,ÇÇ¾ÈÅ¸,4±¸,»ç±¸,ÇÇÈ¨·±,½Â,ÆÐ,È¦,¼¼,ERA,FIP,ERA+,FIP+,WHIP,K/9,BB/9,K/BB,HR/9,RA9,WIN%,ERA-WAR
ÇÏÆ®,Dinos (KBO),,5.64875509,6.499249211,151,45,41,172,119,37,9,9,13,2,0,0,2.443708609,3.166606286,191.8353175,148.0416492,1.033112583,10.25165563,2.205298013,4.648648649,0.536423841,2.682119205,0.866666667,7.320618437
ÀªÄ¿½¼,Giants (KBO),,6.601485102,6.384603005,183,88,82,159,200,25,2,18,11,8,0,0,4.032786885,3.739616817,133.5361188,144.0047831,1.229508197,7.819672131,1.229508197,6.36,0.885245902,4.327868852,0.578947368,5.910897592
ÈÄ¶óµµ,Heroes (KBO),,5.114186289,5.85089049,184.1,72,65,165,180,31,8,16,10,7,0,0,3.177620858,3.728851107,143.7248119,122.4781969,1.146116241,8.066268332,1.515480717,5.322580645,0.782183596,3.519826181,0.588235294,6.623676332
¹ÝÁî,Giants (KBO),,4.37847134,5.460862111,138.2,49,46,157,125,41,5,17,9,5,0,0,2.995658466,4.08162531,179.7677254,131.938301,1.201157742,10.22431259,2.670043415,3.829268293,1.107091172,3.191027496,0.642857143,6.352364184
ÄÚ³Ê,Lions (KBO),,4.181776358,5.365673616,160,67,61,158,135,40,19,21,11,6,0,0,3.43125,4.59351026,159.01841,118.7832155,1.09375,8.8875,2.25,3.95,1.18125,3.76875,0.647058824,6.517479664
Äí¿¡¹Ù½º,Wiz (KBO),,4.60521532,5.010966611,170,82,75,153,153,57,7,16,7,12,0,0,3.970588235,4.308951436,131.2114853,120.9080185,1.235294118,8.1,3.017647059,2.684210526,0.847058824,4.341176471,0.368421053,5.337529432
¿øÅÂÀÎ,Lions (KBO),,3.902363575,4.934443904,153.2,67,64,114,145,41,7,17,14,6,0,0,3.759791123,4.650266134,145.1229341,117.3334823,1.214099217,6.697127937,2.408616188,2.780487805,0.998694517,3.936031332,0.7,5.584127839
·ùÇöÁø,Eagles (KBO),,5.187451019,4.862062971,158.1,78,68,135,182,33,3,12,10,8,0,0,3.870967742,3.718059596,129.5530995,134.8810734,1.359898798,7.685009488,1.878557875,4.090909091,0.683111954,4.440227704,0.555555556,4.859690606
·¹¿¹½º,Lions (KBO),,4.240349405,4.719885696,138,62,58,107,155,30,6,13,10,4,0,0,3.782608696,4.212531999,144.2475189,129.5258812,1.34057971,6.97826087,1.956521739,3.566666667,0.847826087,4.043478261,0.714285714,4.989497112
³×ÀÏ,Tigers (KBO),,4.743985816,4.717590646,149.1,69,42,138,154,35,9,11,12,5,0,0,2.535211268,3.749303352,195.6363246,132.2857523,1.267605634,8.329979879,2.112676056,3.942857143,0.663983903,4.16498994,0.705882353,7.33650169
¹Ú¼¼¿õ,Giants (KBO),,4.390507018,4.087934715,167.1,99,88,121,181,56,11,13,6,10,0,0,4.73967684,4.522018638,113.6201321,119.0890069,1.418312388,6.517055655,3.016157989,2.160714286,0.700179533,5.332136445,0.375,3.963990946
¾çÇöÁ¾,Tigers (KBO),,3.17977573,3.975471944,166.1,81,75,125,168,41,6,21,11,4,0,0,4.063816978,4.743367274,122.0476752,104.5627264,1.258278146,6.773028296,2.221553281,3.048780488,1.137868754,4.388922336,0.733333333,4.582939697
¿£½º,Twins (KBO),,3.827509673,3.935292083,161.2,79,74,154,161,50,6,15,12,6,0,0,4.131513648,4.097201327,112.721005,113.6649955,1.308933002,8.598014888,2.791563275,3.08,0.837468983,4.410669975,0.666666667,3.753956448
ÇìÀÌ¼ö½º,Heroes (KBO),,3.237045167,3.880696238,165.1,76,68,173,164,42,14,21,13,11,0,0,3.706844337,4.331419103,123.2053247,105.4395682,1.247728649,9.430648092,2.289521502,4.119047619,1.144760751,4.142943671,0.541666667,4.638433457
¾Ø´õ½¼,Landers (KBO),,3.850692143,3.874942288,108.2,49,45,149,92,47,8,10,10,2,0,0,3.743068392,3.728283827,142.0215491,142.5847377,1.284658041,12.39371534,3.909426987,3.170212766,0.831792976,4.075785582,0.833333333,3.829632203
ÀÓÂù±Ô,Twins (KBO),,3.443889564,3.814242,129,55,54,131,140,40,5,11,9,6,0,1,3.76744186,3.880041267,123.6139502,120.0266539,1.395348837,9.139534884,2.790697674,3.275,0.76744186,3.837209302,0.6,3.646925282
°ûºó,Bears (KBO),,3.472239662,3.721487919,156.1,76,72,145,129,72,5,10,13,9,0,0,4.151185138,4.210846903,112.1868467,110.5973172,1.287636131,8.360025625,4.151185138,2.013888889,0.576553491,4.381806534,0.590909091,3.594558916
¾ö»ó¹é,Wiz (KBO),,3.102122869,3.247526344,151.2,87,85,156,159,41,6,26,13,10,0,0,5.05952381,4.860507614,102.9715048,107.1877305,1.322751323,9.285714286,2.44047619,3.804878049,1.547619048,5.178571429,0.565217391,2.765897798
º¥ÀÚ¹Î,Wiz (KBO),,2.683484068,2.995218244,140.2,79,68,144,132,41,4,25,11,7,0,0,4.365192582,4.98282909,119.3502395,104.5564218,1.233951498,9.243937233,2.631954351,3.512195122,1.604850214,5.071326676,0.611111111,3.700265268
±èÀç¿­,Dinos (KBO),,2.120105839,2.897835919,66.2,16,15,66,54,26,0,3,1,4,2,12,2.039274924,3.529424157,229.880538,132.8232584,1.208459215,8.972809668,3.534743202,2.538461538,0.407854985,2.175226586,0.2,3.610683171
ÁÖÇö»ó,Eagles (KBO),,1.905548144,2.876408079,68.1,17,17,61,45,8,1,9,8,3,22,2,2.246696035,4.079064592,223.214828,122.9438411,0.778267254,8.061674009,1.057268722,7.625,1.189427313,2.246696035,0.727272727,3.653529313
¿¤¸®¾Æ½º,Landers (KBO),,2.669829508,2.856724296,109.2,58,55,87,116,27,6,13,5,7,0,0,4.532967033,4.616816121,117.2733813,115.143501,1.30952381,7.17032967,2.225274725,3.222222222,1.071428571,4.78021978,0.416666667,2.778548555
ÇÏ¿µ¹Î,Heroes (KBO),,2.928328799,2.836979391,145.1,78,69,97,161,55,5,7,9,7,0,0,4.27980703,4.286678764,106.7111103,106.5400477,1.488628532,6.016540317,3.411440386,1.763636364,0.434183322,4.838042729,0.5625,2.941206525
±èÅÃ¿¬,Bears (KBO),,2.236691564,2.781279804,62.2,16,14,77,50,28,4,2,3,2,18,4,2.025723473,3.241540806,229.8973067,143.6688286,1.254019293,11.1414791,4.051446945,2.75,0.289389068,2.31511254,0.6,3.392649893
±è±¤Çö,Landers (KBO),,2.480720146,2.735183478,151,93,87,143,158,65,6,24,10,10,0,0,5.185430464,5.338791717,102.5173079,99.57241258,1.476821192,8.523178808,3.874172185,2.2,1.430463576,5.543046358,0.5,2.725182083
ºê·£µç,Bears (KBO),,3.115967774,2.654990919,75,34,26,75,75,11,4,3,7,4,0,0,3.12,2.87601026,149.2655034,161.9286193,1.146666667,9,1.32,6.818181818,0.36,4.08,0.636363636,2.835102899
¼ÕÁÖ¿µ,Twins (KBO),,2.207349047,2.581563618,136.2,71,61,102,152,54,9,11,8,10,0,0,4.030837004,4.69580468,115.5363936,99.17541344,1.512481645,6.740088106,3.568281938,1.888888889,0.726872247,4.691629956,0.444444444,3.355207444
±è¹Î,Wiz (KBO),,2.640907891,2.566491898,76,36,35,76,82,26,2,5,8,4,0,21,4.144736842,3.716536575,125.6983977,140.1807219,1.421052632,9,3.078947368,2.923076923,0.592105263,4.263157895,0.666666667,2.2158585
³ë°æÀº,Landers (KBO),,1.485489049,2.546907988,79.2,29,26,65,67,32,4,10,7,5,0,36,2.954545455,5.119646623,179.9249257,103.8345829,1.25,7.386363636,3.636363636,2.03125,1.136363636,3.295454545,0.583333333,3.643203707
¿ÍÀÌ½º,Eagles (KBO),,2.534378528,2.427299551,81,40,36,88,69,24,2,8,4,5,0,0,4,3.830084334,125.3739673,130.9359861,1.148148148,9.777777778,2.666666667,3.666666667,0.888888889,4.444444444,0.444444444,2.350590364
°í¿µÇ¥,Wiz (KBO),,3.328353301,2.355898341,89,58,52,71,134,12,11,4,5,7,0,0,5.258426966,3.520055204,99.07654578,148.0052868,1.640449438,7.179775281,1.213483146,5.916666667,0.404494382,5.865168539,0.416666667,1.437461898
¹Ú¿µÇö,Wiz (KBO),,1.871050051,2.328275298,73,31,30,85,59,21,0,12,10,2,25,0,3.698630137,4.427243136,140.8593887,117.677472,1.095890411,10.47945205,2.589041096,4.047619048,1.479452055,3.821917808,0.833333333,2.554145023
ÀÌ½ÂÇö,Lions (KBO),,1.855057926,2.31518257,87.1,44,41,68,88,37,6,9,6,4,0,0,4.236509759,5.018926448,128.7927918,108.7148666,1.435132032,7.026406429,3.823191734,1.837837838,0.929965557,4.546498278,0.6,2.65059304
ÃÖ¿øÅÂ,Twins (KBO),,1.98319176,2.277906852,120.2,63,57,100,120,55,5,10,9,6,0,0,4.267886855,4.671151691,109.1191932,99.69883261,1.455906822,7.487520799,4.118136439,1.818181818,0.74875208,4.717138103,0.6,2.584630547
¿ì±Ô¹Î,Wiz (KBO),,2.19766239,2.158825767,43,14,12,39,47,2,2,1,3,1,1,4,2.511627907,2.52345212,207.4299217,206.4579613,1.139534884,8.162790698,0.418604651,19.5,0.209302326,2.930232558,0.75,2.204549402
±è¿øÁß,Giants (KBO),,1.923927056,2.129130644,60.1,26,24,65,56,31,1,4,3,6,24,0,3.594009983,4.055511092,149.8389573,132.7878771,1.447587354,9.733777038,4.642262895,2.096774194,0.599001664,3.893510815,0.333333333,2.282796595
¿À¿ø¼®,Landers (KBO),,1.595996884,2.11865413,121.2,72,68,112,122,65,13,17,6,9,0,1,5.04950495,5.661950854,105.2769285,93.88925924,1.54290429,8.316831683,4.826732673,1.723076923,1.262376238,5.346534653,0.4,2.365949424
Ä«½ºÅ¸³ë,Dinos (KBO),,2.379062209,2.063611257,111.2,65,54,89,117,25,7,11,8,6,0,0,4.370503597,4.304571411,107.262151,108.9050621,1.276978417,7.20323741,2.023381295,3.56,0.89028777,5.260791367,0.571428571,2.285720988
À¯¿µÂù,Twins (KBO),,1.928383141,2.060910633,59.2,23,20,71,59,30,3,2,7,5,25,1,3.040540541,3.468848098,153.1663085,134.2544722,1.503378378,10.79391892,4.560810811,2.366666667,0.304054054,3.496621622,0.583333333,2.309686781
Á¶º´Çö,Landers (KBO),,2.00327511,2.020080901,67.1,34,29,86,51,30,2,8,4,6,8,11,3.889716841,4.17329789,136.6671131,127.3804041,1.207153502,11.53502235,4.023845007,2.866666667,1.073025335,4.560357675,0.4,2.246353771
±è»ó¼ö,Giants (KBO),,2.016055221,1.918088329,70,39,33,55,68,24,4,5,8,4,2,17,4.242857143,4.313153117,126.9245441,124.8559219,1.314285714,7.071428571,3.085714286,2.291666667,0.642857143,5.014285714,0.666666667,2.076686259
¹®µ¿ÁÖ,Eagles (KBO),,2.121747171,1.867096575,111.1,71,64,96,148,38,4,14,7,7,0,0,5.184518452,4.80011467,96.72949838,104.4758102,1.674167417,7.776777678,3.078307831,2.526315789,1.134113411,5.751575158,0.5,1.646503713
ÇÑÇöÈñ,Giants (KBO),,1.969856274,1.79599935,71.1,42,41,64,84,24,8,6,4,2,0,8,5.189873418,4.40298635,103.7641317,122.308512,1.518987342,8.101265823,3.037974684,2.666666667,0.759493671,5.316455696,0.666666667,1.330886034
ÀÌº´Çå,Bears (KBO),,1.299340359,1.792969248,63.2,25,21,55,57,33,3,3,6,1,1,20,2.990506329,4.341453298,155.7289366,107.2701555,1.424050633,7.832278481,4.699367089,1.666666667,0.42721519,3.560126582,0.857142857,2.514249504
½Å¹ÎÇõ,Dinos (KBO),,1.256278152,1.761208943,121,67,58,74,140,16,7,20,8,9,0,0,4.314049587,5.251878028,108.6657924,89.26132981,1.289256198,5.504132231,1.190082645,4.625,1.487603306,4.983471074,0.470588235,2.574045271
¹ß¶óÁ¶ºò,Bears (KBO),,1.850330051,1.759424368,50.1,21,20,63,43,27,1,1,2,5,0,0,3.592814371,3.177167944,129.6221631,146.5797146,1.397205589,11.31736527,4.850299401,2.333333333,0.179640719,3.77245509,0.285714286,1.541365829
Àü»óÇö,Tigers (KBO),,1.612868569,1.745240912,64.2,31,29,54,53,20,5,5,10,5,7,17,4.065420561,4.254452627,121.9995342,116.5789017,1.137071651,7.570093458,2.803738318,2.7,0.700934579,4.345794393,0.666666667,1.770018212
ÄÌ¸®,Twins (KBO),,1.629711776,1.739968184,113.2,65,57,69,131,25,6,13,5,8,0,0,4.53180212,4.85141662,102.7644981,95.99430578,1.378091873,5.485865724,1.987632509,2.76,1.033568905,5.167844523,0.384615385,2.058119263
ÀÌ½ÂÇö,Lions (KBO),,1.492047346,1.680237631,59.1,30,29,51,65,23,3,6,6,1,1,9,4.416243655,4.669715843,123.5511357,116.8447798,1.489001692,7.766497462,3.502538071,2.217391304,0.913705584,4.568527919,0.857142857,1.669204564
Á¤ÇØ¿µ,Tigers (KBO),,0.823056294,1.650247849,48.1,14,14,48,46,15,1,8,2,3,30,1,2.61954262,4.920251424,189.3381734,100.8036728,1.268191268,8.981288981,2.806652807,3.2,1.496881497,2.61954262,0.4,2.308224605
ÀåÇö½Ä,Tigers (KBO),,1.535051496,1.644467437,73.2,39,32,74,73,33,2,8,5,4,0,15,3.93442623,4.589343593,126.0614345,108.0719725,1.448087432,9.098360656,4.057377049,2.242424242,0.983606557,4.795081967,0.555555556,2.145349827
ÃÖÁö±¤,Lions (KBO),,1.164947557,1.641440025,36.1,9,9,38,22,21,4,1,3,2,0,7,2.243767313,4.088420232,243.1766949,133.4578855,1.191135734,9.473684211,5.235457064,1.80952381,0.249307479,2.243767313,0.6,2.027035676
¹Ú»ó¿ø,Eagles (KBO),,2.121211584,1.638079866,61,36,34,59,53,20,7,2,3,3,2,14,5.016393443,3.575682391,99.97139875,140.2517937,1.196721311,8.704918033,2.950819672,2.95,0.295081967,5.31147541,0.5,1.015696588
¹Ù¸®¾Æ,Eagles (KBO),,2.300898161,1.635793659,82,55,50,76,105,16,0,10,6,6,0,0,5.487804878,4.07308343,91.38369171,123.1243793,1.475609756,8.341463415,1.756097561,4.75,1.097560976,6.036585366,0.5,0.957303148
ÀÓÃ¢¹Î,Lions (KBO),,1.35823387,1.619238536,53.1,25,23,49,59,29,2,4,2,1,1,28,3.898305085,4.64113267,139.9664489,117.5643874,1.657250471,8.305084746,4.915254237,1.689655172,0.677966102,4.237288136,0.666666667,1.841123348
±è½ÃÈÆ,Dinos (KBO),,1.384078632,1.58713645,105.1,60,54,72,109,58,3,7,3,4,0,5,4.62416746,4.992927481,101.3781661,93.89073216,1.588962892,6.165556613,4.966698382,1.24137931,0.599429115,5.137963844,0.428571429,1.831580542
°ûµµ±Ô,Tigers (KBO),,1.199321586,1.513271622,54.2,24,22,63,43,34,4,4,4,2,2,16,3.653136531,4.49401764,135.7681024,110.3643676,1.420664207,10.46125461,5.645756458,1.852941176,0.664206642,3.985239852,0.666666667,1.796402346
±è¿µ±Ô,Dinos (KBO),,1.473188623,1.49354525,45.2,19,16,48,40,14,1,3,4,2,1,14,3.185840708,3.490523534,147.1478519,134.3035256,1.194690265,9.557522124,2.787610619,3.428571429,0.597345133,3.783185841,0.666666667,1.677768538
È«°ÇÈñ,Bears (KBO),,0.63339872,1.492446509,55.2,19,15,44,50,32,5,4,4,3,9,9,2.445652174,5.114705912,190.4229782,91.05281487,1.485507246,7.173913043,5.217391304,1.375,0.652173913,3.097826087,0.571428571,2.660852457
»êÃ¼½º,Eagles (KBO),,1.620174756,1.477158268,53.1,28,25,56,60,21,10,2,2,3,0,0,4.237288136,3.887837002,118.3530251,128.9909708,1.525423729,9.491525424,3.559322034,2.666666667,0.338983051,4.745762712,0.4,1.377427689
¼Û¿µÁø,Landers (KBO),,1.791105258,1.443561546,95.1,68,58,66,108,47,1,9,5,9,0,0,5.488958991,5.112477137,96.84830446,103.9801954,1.629863302,6.246056782,4.447949527,1.404255319,0.851735016,6.43533123,0.357142857,1.415861786
±è¹Î¼ö,Wiz (KBO),,2.02527541,1.424959159,76.1,54,45,71,82,31,1,7,5,3,0,12,5.321944809,4.347337461,97.89405916,119.8404276,1.484888305,8.396846255,3.666228647,2.290322581,0.827858081,6.386333771,0.625,1.178360746
Å©·Î¿ì,Tigers (KBO),,1.567878822,1.390235953,40.1,19,16,43,41,12,1,2,5,1,0,0,3.591022444,3.232319487,138.1164898,153.4438092,1.321695761,9.650872818,2.693266833,3.583333333,0.448877805,4.264339152,0.833333333,1.363736665
È²µ¿ÇÏ,Tigers (KBO),,1.22687193,1.369701026,98.1,61,48,80,103,42,7,13,5,6,0,0,4.403669725,5.346224327,112.6286587,92.77190486,1.478083588,7.339449541,3.853211009,1.904761905,1.19266055,5.596330275,0.454545455,2.280107086
±èÅÂÈÆ,Lions (KBO),,0.972486735,1.351749788,50.1,24,23,36,48,18,4,6,3,2,0,22,4.131736527,5.193136008,132.0587399,105.0679047,1.317365269,6.467065868,3.233532934,2,1.077844311,4.311377246,0.6,1.58962793
ÀÌ¹Î¿ì,Eagles (KBO),,1.106636996,1.34815122,51,24,22,46,53,22,1,5,1,1,1,10,3.882352941,4.579539671,129.1731784,109.5079211,1.470588235,8.117647059,3.882352941,2.090909091,0.882352941,4.235294118,0.5,1.559849084
ÇÑµÎ¼Ö,Landers (KBO),,1.940253503,1.340420967,56.2,39,32,66,57,29,3,3,2,1,0,3,5.12455516,3.809391043,103.7351253,139.548911,1.53024911,10.56939502,4.644128114,2.275862069,0.480427046,6.245551601,0.666666667,1.051108502
È²µ¿Àç,Lions (KBO),,1.135200986,1.299406057,42,20,19,30,38,18,4,2,1,2,0,0,4.071428571,4.517915022,134.0148574,120.7707353,1.333333333,6.428571429,3.857142857,1.666666667,0.428571429,4.285714286,0.333333333,1.364280707
À±¿µÃ¶,Tigers (KBO),,0.964372182,1.281934638,75.1,42,36,55,76,40,1,8,7,4,0,0,4.31424767,5.313933029,114.9631297,93.335654,1.54460719,6.591211718,4.793608522,1.375,0.958721704,5.033288948,0.636363636,1.829704138
±èÁø¿í,Giants (KBO),,1.158126834,1.241424501,80.1,53,49,81,82,44,3,13,4,3,0,0,5.505617978,5.603700647,97.81330829,96.10126281,1.573033708,9.101123596,4.943820225,1.840909091,1.460674157,5.95505618,0.571428571,1.236627761
¿À½ÂÈ¯,Lions (KBO),,1.005069175,1.231821795,54.1,30,30,41,71,17,3,8,3,9,27,2,4.990757856,5.271721905,109.3284697,103.5016507,1.626617375,6.820702403,2.828096118,2.411764706,1.330868762,4.990757856,0.25,1.169013023
ÃÖÁö°­,Bears (KBO),,0.467870772,1.186629437,50,19,18,45,48,24,6,6,3,1,1,15,3.24,5.31601026,143.7371514,87.60486676,1.44,8.1,4.32,1.875,1.08,3.42,0.75,1.799144033
±è°­·ü,Bears (KBO),,0.882809228,1.181852004,39.2,15,13,31,39,20,2,1,2,2,1,10,2.984693878,4.189683729,156.0322062,111.1559728,1.505102041,7.117346939,4.591836735,1.55,0.229591837,3.443877551,0.5,1.562971775
±¸½Â¹Î,Giants (KBO),,1.194636764,1.166674143,54.1,33,29,59,64,33,5,5,4,3,0,12,4.824399261,4.883551849,111.624822,110.2727534,1.79297597,9.815157116,5.489833641,1.787878788,0.831792976,5.489833641,0.571428571,1.230870711
ÁÖ½Â¿ì,Heroes (KBO),,1.126124632,1.160138477,49.2,24,24,43,49,16,5,3,4,6,13,5,4.390243902,4.081213512,104.0267853,111.9037166,1.321138211,7.865853659,2.926829268,2.6875,0.548780488,4.390243902,0.4,0.92785052
±èÀçÀ±,Lions (KBO),,0.687287002,1.142248241,64.2,37,30,49,55,25,1,13,4,8,9,25,4.205607477,6.076882534,129.7391452,89.78813005,1.246105919,6.869158879,3.504672897,1.96,1.822429907,5.186915888,0.333333333,1.978173035
¹®½Â¿ø,Landers (KBO),,0.86505084,1.14102641,58.2,33,30,52,66,24,1,10,6,1,20,6,4.639175258,5.491405449,114.5885512,96.80515789,1.546391753,8.041237113,3.711340206,2.166666667,1.546391753,5.103092784,0.857142857,1.407605542
¾Ëµå·¹µå,Tigers (KBO),,1.302516725,1.119203172,43.2,24,22,52,38,17,2,4,3,2,0,0,4.583333333,3.871751,108.2136905,128.102095,1.273148148,10.83333333,3.541666667,3.058823529,0.833333333,5,0.6,0.909057443
±èÀ¯¿µ,Twins (KBO),,1.459029814,1.109248228,44.2,25,18,42,48,15,4,1,1,2,1,6,3.665158371,3.439268178,127.0636418,135.4091471,1.425339367,8.552036199,3.054298643,2.8,0.20361991,5.090497738,0.333333333,1.313820613
ÀÌ¿µÇÏ,Bears (KBO),,1.078656458,1.10885175,60.2,33,28,56,60,34,2,4,4,4,2,4,4.186046512,4.553352452,111.2525552,102.2781292,1.561461794,8.372093023,5.083056478,1.647058824,0.598006645,4.933554817,0.5,1.358614133
ÇÑ½ÂÇõ,Eagles (KBO),,1.484432754,1.088197181,58.2,39,35,61,60,36,6,2,5,5,0,17,5.412371134,4.271474177,92.65733202,117.4058061,1.649484536,9.432989691,5.567010309,1.694444444,0.309278351,6.030927835,0.5,0.723895538
ÀÌÀçÇÐ,Dinos (KBO),,0.995421627,1.054655796,94.1,59,56,86,93,39,4,14,3,10,0,0,5.356004251,5.233162226,87.5259979,89.58056269,1.402763018,8.225292242,3.730074389,2.205128205,1.339001063,5.64293305,0.230769231,0.875905307
Á¶»ó¿ì,Heroes (KBO),,0.88045919,1.039078129,39.2,17,14,36,40,20,0,2,0,1,6,9,3.214285714,4.113153117,142.0853653,111.0347578,1.530612245,8.265306122,4.591836735,1.8,0.459183673,3.903061224,0,1.388312268
¹éÁ¤Çö,Lions (KBO),,1.096183739,1.022217834,76.2,55,51,53,101,27,1,13,6,5,0,0,6.023622047,5.685144118,90.58203104,95.97503738,1.679790026,6.25984252,3.188976378,1.962962963,1.535433071,6.496062992,0.545454545,0.852622317
±èÁø¼º,Twins (KBO),,0.499065103,0.991080158,66.1,34,31,59,60,23,7,11,3,3,1,25,4.220877458,5.495798459,110.3344921,84.73898269,1.255673222,8.033282905,3.131618759,2.565217391,1.497730711,4.62934947,0.5,1.46165579
¹ÚÁø,Giants (KBO),,1.108862019,0.976265873,43.1,27,23,28,56,11,2,4,1,4,1,0,4.802784223,4.568075225,112.127192,117.8883188,1.554524362,5.846867749,2.296983759,2.545454545,0.835266821,5.638051044,0.2,0.991219033
ÇÑÀç½Â,Dinos (KBO),,0.84181452,0.975878746,43.1,21,20,43,35,27,3,2,1,2,0,6,4.176334107,4.452065944,112.2490694,105.2970964,1.438515081,8.979118329,5.638051044,1.592592593,0.417633411,4.385150812,0.333333333,0.993786098
¿¡¸£³­µ¥½º,Twins (KBO),,0.752270758,0.968971867,40,18,18,42,35,15,1,5,3,1,0,1,4.05,4.48101026,114.9897211,103.9293248,1.25,9.45,3.375,2.8,1.125,4.05,0.75,0.975046851
ÀÓÁ¤È£,Dinos (KBO),,1.083959829,0.957643277,53,31,27,42,53,23,3,3,1,6,2,8,4.58490566,4.378651769,102.246295,107.0625484,1.433962264,7.132075472,3.905660377,1.826086957,0.509433962,5.264150943,0.142857143,0.948730924
Àå¹ÎÀç,Eagles (KBO),,0.640719445,0.900204025,27.1,10,10,16,45,7,1,2,1,1,0,0,3.32103321,4.420216902,151.0059784,113.4550363,1.918819188,5.313653137,2.324723247,2.285714286,0.664206642,3.32103321,0.5,1.039278673
È²ÁØ¼­,Eagles (KBO),,0.620415458,0.893207876,71.2,44,43,70,78,51,5,9,2,8,0,1,5.435393258,5.792527114,92.26487309,86.57635248,1.811797753,8.848314607,6.446629213,1.37254902,1.137640449,5.561797753,0.2,0.868903469
±è¼­Çö,Eagles (KBO),,0.765118571,0.86236674,34.1,17,13,38,24,30,4,0,0,1,0,9,3.431085044,4.518473603,146.1624713,110.987894,1.583577713,10.02932551,7.917888563,1.266666667,0,4.486803519,0,1.254719284
ÀÌ»ó¹Î,Lions (KBO),,0.652009641,0.839800376,28.2,13,13,11,31,5,4,2,2,1,1,7,4.14893617,4.85530104,131.5112831,112.3785971,1.276595745,3.510638298,1.595744681,2.2,0.638297872,4.14893617,0.666666667,0.888724072
ÀÌÁ¾ÁØ,Twins (KBO),,0.494065269,0.837711401,24,7,6,27,21,14,0,2,0,2,0,1,2.25,4.339343593,206.981498,107.3223082,1.458333333,10.125,5.25,1.928571429,0.75,2.625,0,1.228677592
¿ø»óÇö,Wiz (KBO),,1.484965876,0.822666658,65.1,54,51,59,105,31,2,6,2,5,0,1,7.050691244,4.662308263,73.89158907,111.7443873,2.089093702,8.156682028,4.285714286,1.903225806,0.829493088,7.465437788,0.285714286,0.022915355
Á¤Çö¼ö,Giants (KBO),,0.767539632,0.773224156,19.2,8,8,24,14,12,2,0,1,1,0,1,3.75,3.44351026,143.6060556,156.3877172,1.354166667,11.25,5.625,2,0,3.75,0.5,0.690015439
¾ËÄ­Å¸¶ó,Bears (KBO),,0.272033955,0.749424136,64.1,35,34,34,58,22,2,10,2,2,0,0,4.773790952,5.846493879,97.55525016,79.65600925,1.248049922,4.773790952,3.088923557,1.545454545,1.404056162,4.914196568,0.5,0.980208453
ÀÌÁö°­,Twins (KBO),,0.820467399,0.741672625,48.2,29,21,36,53,24,1,3,2,3,1,1,3.921161826,4.627379554,118.7679548,100.6419216,1.597510373,6.721991701,4.481327801,1.5,0.560165975,5.414937759,0.4,1.259425402
±èµµÇö,Tigers (KBO),,0.661257,0.737606013,68,45,41,52,84,29,9,9,3,6,0,3,5.426470588,5.623657319,91.40000052,88.19517024,1.661764706,6.882352941,3.838235294,1.793103448,1.191176471,5.955882353,0.333333333,0.794529848
ÃÖÁØÈ£,Bears (KBO),,0.538850257,0.736872499,72.1,44,41,58,68,29,4,11,3,6,0,0,5.117891817,5.503583075,90.99613419,84.61912252,1.345353675,7.239944521,3.619972261,2,1.373092926,5.492371706,0.333333333,0.82484661
±è¼º¹Î,Heroes (KBO),,0.584918041,0.735549275,45.2,24,22,34,45,17,1,5,3,4,0,14,4.380530973,4.884328844,104.2574434,93.50372889,1.371681416,6.769911504,3.384955752,2,0.995575221,4.778761062,0.428571429,0.857968074
¶ó¿ì¾î,Tigers (KBO),,0.797962896,0.71514834,30.2,17,17,33,30,10,3,3,2,2,0,0,5.066225166,4.153361253,97.89920471,119.4163918,1.324503311,9.834437086,2.98013245,3.3,0.894039735,5.066225166,0.5,0.467716179
±èµ¿¿í,Heroes (KBO),,0.550279311,0.706067905,32.2,15,15,16,27,4,2,3,1,1,0,2,4.192546584,4.532407775,108.9321134,100.7638727,0.962732919,4.472049689,1.118012422,4,0.838509317,4.192546584,0.5,0.68934175
ÀÌ»óµ¿,Wiz (KBO),,0.718215743,0.644976041,32,20,19,30,42,14,3,3,0,1,0,3,5.34375,4.69351026,97.49460211,111.0015215,1.75,8.4375,3.9375,2.142857143,0.84375,5.625,0,0.488234816
ÃÖÇÏ´Ã,Lions (KBO),,0.578801076,0.616263809,32,20,19,18,26,16,4,2,1,1,0,1,5.34375,5.31851026,102.106558,102.5911191,1.3125,5.0625,4.5,1.125,0.5625,5.625,0.5,0.570388554
±è´ë¿ì,Lions (KBO),,0.738004615,0.60496383,34.1,24,21,23,42,9,3,4,0,0,0,5,5.542521994,4.987681814,98.44470078,109.3958956,1.495601173,6.070381232,2.375366569,2.555555556,1.055718475,6.33431085,0,0.538639611
±è°­Çö,Giants (KBO),,0.448501272,0.599337725,25.1,13,10,24,28,18,2,2,0,0,0,0,3.585657371,5.269954483,150.1879998,102.1873548,1.832669323,8.605577689,6.454183267,1.333333333,0.717131474,4.661354582,0,0.956145305
¹Ú½Ã¿µ,Wiz (KBO),,0.489275158,0.597785441,25.1,13,13,23,27,7,1,4,0,1,1,4,4.661354582,4.951229383,111.7672494,105.2237212,1.354581673,8.247011952,2.509960159,3.285714286,1.434262948,4.661354582,0,0.572825921
ÁÖ±Ç,Wiz (KBO),,1.090209213,0.593067841,57,48,43,30,76,10,3,7,1,1,0,0,6.789473684,4.984080435,76.73448698,104.530171,1.50877193,4.736842105,1.578947368,3,1.105263158,7.578947368,0.5,0.130474774
ÀÌ·Î¿î,Landers (KBO),,0.725066349,0.576219583,56,43,37,41,67,43,3,4,1,3,1,9,5.946428571,5.684581688,89.397588,93.51547759,1.964285714,6.589285714,6.910714286,0.953488372,0.642857143,6.910714286,0.25,0.586103073
±èÀç¿õ,Heroes (KBO),,0.290942767,0.565148078,23.2,9,9,19,24,12,1,2,0,2,0,7,3.49137931,4.919803363,130.808749,92.82951499,1.551724138,7.370689655,4.655172414,1.583333333,0.775862069,3.49137931,0,0.724729147
¼­Áø¿ë,Landers (KBO),,0.660159238,0.541975471,42.2,31,26,32,43,23,0,5,0,1,0,6,5.545023697,5.414778032,95.86908922,98.17509939,1.563981043,6.82464455,4.90521327,1.391304348,1.066350711,6.611374408,0,0.604487452
¼Õµ¿Çö,Wiz (KBO),,0.580313027,0.507684453,43.1,31,28,26,49,20,1,5,1,2,1,4,5.846867749,5.519351327,89.10527865,94.39275545,1.600928074,5.429234339,4.176334107,1.3,1.044083527,6.473317865,0.333333333,0.443348476
¹ÚÁ¤¼ö,Bears (KBO),,0.511714837,0.433669965,29.1,18,17,22,38,12,2,2,1,2,0,3,5.257731959,4.580752528,88.57590577,101.6663458,1.718213058,6.804123711,3.711340206,1.833333333,0.618556701,5.567010309,0.333333333,0.289837772
±è¹Î¿ì,Eagles (KBO),,0.171715021,0.428758815,12.1,3,3,13,7,6,0,2,1,0,0,0,2.231404959,5.243613565,224.7444451,95.63936451,1.074380165,9.669421488,4.462809917,2.166666667,1.487603306,2.231404959,1,0.651703466
ÃÖÁö¹Î,Tigers (KBO),,0.272216638,0.421126899,42,27,25,31,40,39,4,2,2,3,3,11,5.357142857,5.970295974,92.58282406,83.07451034,1.880952381,6.642857143,8.357142857,0.794871795,0.428571429,5.785714286,0.4,0.520532783
ÀÌ¿ëÂù,Dinos (KBO),,0.927641948,0.410355838,54,44,33,48,79,20,2,6,3,9,16,2,5.5,4.644899149,85.23447579,100.9256825,1.833333333,8,3.333333333,2.4,1,7.333333333,0.25,0.42474361
±è¼±±â,Heroes (KBO),,-0.006689123,0.383923321,72.2,45,42,41,84,29,6,12,6,4,0,0,5.235457064,6.235234636,87.23268179,73.24551307,1.565096953,5.110803324,3.614958449,1.413793103,1.495844875,5.609418283,0.6,0.658832432
À°Ã»¸í,Wiz (KBO),,0.245671646,0.376509378,44.2,31,27,20,52,20,6,6,1,5,0,0,5.497737557,6.380444649,94.76385053,81.65367913,1.628959276,4.07239819,4.07239819,1,1.221719457,6.312217195,0.166666667,0.604728294
±è»çÀ±,Tigers (KBO),,0.622724247,0.364144901,37,29,19,36,40,25,5,2,0,1,1,0,4.621621622,4.945199449,107.3171833,100.2951286,1.756756757,8.756756757,6.081081081,1.44,0.486486486,7.054054054,0,0.761585842
ÀÓ±â¿µ,Tigers (KBO),,0.49893363,0.363283554,44,33,30,35,58,17,1,7,6,2,0,2,6.136363636,5.460555714,80.82627497,90.82947607,1.704545455,7.159090909,3.477272727,2.058823529,1.431818182,6.75,0.75,0.220708272
½Ã¶óÄ«¿Í,Bears (KBO),,0.484256405,0.360461679,57.1,41,36,46,59,33,3,6,4,5,0,0,5.674255692,5.402244936,82.07391345,86.20645233,1.611208406,7.250437828,5.201401051,1.393939394,0.945709282,6.46234676,0.444444444,0.333020642
±è±âÈÆ,Tigers (KBO),,0.291571956,0.356340396,17.1,9,7,14,13,13,3,0,0,0,0,0,3.684210526,4.925600903,134.622984,100.6941943,1.520467836,7.368421053,6.842105263,1.076923077,0,4.736842105,0,0.559404521
Àü¹Ì¸£,Giants (KBO),,0.596009421,0.353186779,33.2,28,22,34,33,21,1,4,1,5,1,5,5.963855422,5.262034356,90.2977471,102.3411616,1.626506024,9.21686747,5.692771084,1.619047619,1.084337349,7.590361446,0.166666667,0.365744158
ÀÌ»ó¿µ,Twins (KBO),,0.074285763,0.351266789,16.1,6,6,8,15,8,4,1,0,1,0,1,3.354037267,5.805699701,138.8500882,80.21571809,1.428571429,4.472049689,4.472049689,1,0.559006211,3.354037267,0,0.551804592
ÀÌ±â¼ø,Landers (KBO),,0.130726886,0.34291514,19.2,10,8,24,12,23,1,2,1,1,0,0,3.75,6.360176926,141.7590324,83.58201,1.822916667,11.25,10.78125,1.043478261,0.9375,4.6875,0.5,0.677814727
ÀÌÁØ¿µ,Tigers (KBO),,0.280069731,0.33894403,32,21,15,28,35,16,2,5,3,0,0,9,4.21875,5.72476026,117.5654909,86.63758692,1.59375,7.875,4.5,1.75,1.40625,5.90625,1,0.818537199
±èÀ±ÇÏ,Heroes (KBO),,0.61069838,0.336650044,72,54,50,39,86,34,3,6,1,6,0,2,6.25,5.297676926,73.07247361,86.20815621,1.666666667,4.875,4.25,1.147058824,0.75,6.75,0.142857143,-0.015265055
ÃÖÁØ¿ë,Giants (KBO),,0.231763752,0.335905356,21.2,13,13,12,28,14,1,2,1,2,0,3,5.518867925,5.972991392,97.57847369,90.15963246,1.981132075,5.094339623,5.943396226,0.857142857,0.849056604,5.518867925,0.333333333,0.324467713
¼ÛÀº¹ü,Lions (KBO),,0.239271926,0.324596308,6.2,1,1,2,5,1,0,0,0,0,0,1,1.451612903,3.594719937,375.8797666,151.7870457,0.967741935,2.903225806,1.451612903,2,0,1.451612903,0,0.402242064
ÃÖ¿øÁØ,Bears (KBO),,0.11433073,0.323916789,106.2,75,75,69,119,33,9,21,6,7,0,0,6.355932203,6.213637378,73.27145029,74.94939633,1.43126177,5.847457627,2.796610169,2.090909091,1.779661017,6.355932203,0.461538462,-0.007940964
ÀåÁöÈÆ,Landers (KBO),,0.351286806,0.315238536,19.2,13,13,8,24,9,1,1,0,0,0,0,6.09375,5.16226026,87.23632763,102.9774449,1.71875,3.75,4.21875,0.888888889,0.46875,6.09375,0,0.175245763
½ºÅ¸¿ìÆ®,Tigers (KBO),,0.376401722,0.309277217,16,10,9,20,17,5,3,2,1,1,0,0,5.0625,4.38101026,97.97124239,113.2111968,1.375,11.25,2.8125,4,1.125,5.625,0.5,0.248450202
±è±Ô¿¬,Eagles (KBO),,0.719059535,0.298921069,57.2,50,46,40,66,28,4,6,1,0,0,4,7.237762238,5.399366903,69.28880125,92.88049473,1.643356643,6.293706294,4.405594406,1.428571429,0.944055944,7.867132867,1,-0.162911426
Á¶µ¿¿í,Eagles (KBO),,0.544871187,0.298176739,38,31,26,30,51,12,5,5,1,2,0,0,6.157894737,5.22969447,81.43950012,95.8939135,1.657894737,7.105263158,2.842105263,2.5,1.184210526,7.342105263,0.333333333,0.205890325
¼ºÀçÇå,Wiz (KBO),,0.649084481,0.292241178,32,29,26,20,46,16,5,1,0,0,0,1,7.3125,4.88101026,71.24605539,106.7374892,1.9375,5.625,4.5,1.25,0.28125,8.15625,0,-0.047310079
¹Ú¹ÎÈ£,Landers (KBO),,0.141163945,0.275799058,22.2,14,12,10,25,7,2,4,2,0,0,0,4.864864865,6.413667917,109.2725875,82.884923,1.441441441,4.054054054,2.837837838,1.428571429,1.621621622,5.675675676,1,0.479080285
Á¶ÀÌÇö,Wiz (KBO),,0.164744687,0.275550721,40,29,28,19,53,10,1,9,1,2,0,0,6.3,6.55601026,82.69631429,79.4670477,1.575,4.275,2.25,1.9,2.025,6.525,0.333333333,0.249462929
Á¤¿ì¿µ,Twins (KBO),,0.336331815,0.266349186,20.1,13,10,15,29,11,5,0,2,1,0,3,4.47761194,4.651532648,104.0082027,100.1193382,1.990049751,6.71641791,4.925373134,1.363636364,0,5.820895522,0.666666667,0.378861706
±è±âÁß,Eagles (KBO),,0.324860479,0.265975915,54,42,41,34,77,24,6,8,5,4,0,0,6.833333333,6.089343593,73.38963939,82.35631009,1.87037037,5.666666667,4,1.416666667,1.333333333,7,0.555555556,0.000360497
·ùÁø¿í,Dinos (KBO),,0.48591583,0.263317385,39.1,30,27,32,51,19,2,4,2,1,0,10,6.21483376,5.060358086,75.43075728,92.63961342,1.79028133,7.3657289,4.373401535,1.684210526,0.920716113,6.905370844,0.666666667,0.054927405
ÁøÇØ¼ö,Giants (KBO),,0.300138353,0.259374388,27.2,21,19,22,36,10,3,5,2,1,0,5,6.286764706,5.961892613,85.65975248,90.32747545,1.691176471,7.279411765,3.308823529,2.2,1.654411765,6.948529412,0.666666667,0.221282868
¾çÁöÀ²,Heroes (KBO),,0.086407702,0.257293302,18.2,9,9,7,15,10,2,1,0,1,0,3,4.450549451,5.679087183,102.6172083,80.41837453,1.373626374,3.461538462,4.945054945,0.7,0.494505495,4.450549451,0,0.329449811
Àå½ÃÈ¯,Eagles (KBO),,0.440797869,0.242903632,33.1,27,19,28,34,22,1,3,2,2,0,2,5.166163142,5.327007239,97.07317701,94.14214149,1.6918429,7.613293051,5.981873112,1.272727273,0.81570997,7.341389728,0.5,0.497058013
Æä³Ä,Eagles (KBO),,0.282070823,0.241734681,37.1,28,26,29,41,20,0,6,3,5,0,0,6.307277628,5.912344492,79.51066985,84.82182828,1.644204852,7.035040431,4.851752022,1.45,1.455525606,6.79245283,0.375,0.15387392
ÀÌ»ó±Ô,Eagles (KBO),,0.11870791,0.239757385,25,16,16,21,30,12,1,5,1,3,0,0,5.76,6.23601026,87.06525506,80.41934639,1.68,7.56,4.32,1.75,1.8,5.76,0.25,0.225509181
¹ÚÁøÇü,Giants (KBO),,0.245100427,0.221872411,6.1,3,3,4,6,1,1,0,0,0,0,0,4.426229508,3.428141407,121.6662416,157.0888259,1.147540984,5.901639344,1.475409836,4,0,4.426229508,0,0.167287459
±èÀÎ¹ü,Heroes (KBO),,-0.187776256,0.215278602,63.1,40,38,27,75,31,8,9,2,7,0,0,5.419968304,6.608625157,84.26303152,69.10710612,1.679873217,3.851030111,4.42155309,0.870967742,1.283676704,5.705229794,0.222222222,0.457218592
ÀÌ¼±¿ì,Wiz (KBO),,0.217163214,0.209233293,10,6,6,4,10,4,2,0,0,0,0,0,5.4,4.75601026,96.47903334,109.5428209,1.4,3.6,3.6,1,0,5.4,0,0.146761492
±è¹ü¼ö,Eagles (KBO),,-0.243466541,0.203223427,34,20,20,38,33,20,5,11,0,0,0,4,5.294117647,7.932480848,94.72699751,63.22055846,1.558823529,10.05882353,5.294117647,1.9,2.911764706,5.294117647,0,0.464443015
¹®¼ºÇö,Heroes (KBO),,0.330745272,0.201822224,38.1,28,28,31,54,25,2,3,1,2,3,2,6.614173228,5.278319971,69.04913801,86.52430367,2.073490814,7.322834646,5.905511811,1.24,0.708661417,6.614173228,0.333333333,-0.11493397
Áø½ÂÇö,Giants (KBO),,0.202229255,0.196267517,6,3,3,4,5,3,0,0,0,0,0,0,4.5,3.922676926,119.671713,137.2844919,1.333333333,6,4.5,1.333333333,0,4.5,0,0.15922532
¼Û¸í±â,Dinos (KBO),,0.407253294,0.194185941,34.1,27,25,30,40,15,3,4,2,1,0,3,6.598240469,5.104983867,71.04767082,91.82979399,1.612903226,7.917888563,3.958944282,2,1.055718475,7.126099707,0.666666667,-0.055129453
±è´ëÇö,Twins (KBO),,0.028152571,0.189935294,33,21,21,28,32,18,2,6,2,0,1,1,5.727272727,6.240858745,81.31415993,74.62248219,1.515151515,7.636363636,4.909090909,1.555555556,1.636363636,5.727272727,1,0.176092298
³²Áö¹Î,Eagles (KBO),,0.090356985,0.189622937,4,0,0,3,2,2,1,0,0,0,0,0,0,4.50601026,0,111.2948796,1,6.75,4.5,1.5,0,0,0,0.288888889
¹Ú½ÃÈÄ,Landers (KBO),,0.223980653,0.188453897,9.2,6,6,8,10,7,1,0,0,0,0,0,5.869565217,4.625575477,90.5682707,114.9254561,1.847826087,7.826086957,6.847826087,1.142857143,0,5.869565217,0,0.102864382
ÃÖÃ¤Èï,Lions (KBO),,0.195921367,0.184725351,15,11,10,11,20,9,0,2,0,0,0,1,6,5.822676926,90.93865321,93.70808756,1.933333333,6.6,5.4,1.222222222,1.2,6.6,0,0.171082848
Á¤¿ìÁØ,Giants (KBO),,-0.013276879,0.178127,8.1,3,3,5,10,5,0,2,0,0,0,0,3.333333333,7.583170754,161.5568126,71.01550606,1.851851852,5.555555556,5.555555556,1,2.222222222,3.333333333,0,0.335696582
À°¼±¿±,Lions (KBO),,-0.104197185,0.174633731,14,7,6,9,13,14,2,3,0,0,0,0,3.857142857,8.684581688,141.4601272,62.82765697,1.928571429,5.785714286,9,0.642857143,1.928571429,4.5,0,0.492781907
±è½ÂÇö,Tigers (KBO),,0.133563019,0.170849523,18,12,8,11,23,7,0,3,1,0,0,0,4,5.867121371,123.9948537,84.53539364,1.666666667,5.5,3.5,1.571428571,1.5,6,1,0.51181384
¹Ú½ÅÁö,Bears (KBO),,0.001937374,0.164455224,8.2,3,2,3,8,8,1,0,0,1,0,0,2.195121951,6.316985869,212.1560355,73.72319333,1.951219512,3.292682927,8.780487805,0.375,0,3.292682927,0,0.426596199
ÃÖ¼ºÈÆ,Lions (KBO),,0.207601485,0.161971996,13,10,10,10,14,9,1,1,0,1,0,3,6.923076923,5.525241029,78.81349945,98.75260037,1.769230769,6.923076923,6.230769231,1.111111111,0.692307692,6.923076923,0,0.047892638
ÀÌÈ£¼º,Lions (KBO),,0.147062656,0.131740436,45,39,37,28,66,26,2,9,2,4,0,0,7.4,6.978232482,73.73404314,78.19056196,2.044444444,5.6,5.2,1.076923077,1.8,7.8,0.333333333,0.010967355
±è¹Î±Ô,Bears (KBO),,-0.043613098,0.124213251,20.2,12,10,14,19,16,4,2,0,0,0,0,4.455445545,6.627297388,104.5256565,70.27123475,1.732673267,6.237623762,7.128712871,0.875,0.891089109,5.346534653,0,0.38630622
ÀÌ¿ëÁØ,Dinos (KBO),,0.315381315,0.116070704,30.2,25,22,23,38,12,1,4,2,3,0,0,6.556291391,5.246076485,71.50225469,89.36004234,1.655629139,6.854304636,3.57615894,1.916666667,1.19205298,7.450331126,0.4,-0.039262633
ÃÖÀÌÁØ,Giants (KBO),,0.243155652,0.115197186,24.2,22,20,17,40,16,1,3,3,0,0,0,7.438016529,6.070059846,72.40138638,88.71785818,2.314049587,6.32231405,5.950413223,1.0625,1.115702479,8.181818182,1,-0.016358203
¼ÕÁÖÈ¯,Dinos (KBO),,0.072128352,0.108286398,2,0,0,2,0,0,1,0,0,0,0,0,0,3.25601026,0,143.9767014,0,9,0,0,0,0,0,0.144444444
ÀÌÁØÈ£,Dinos (KBO),,0.212722198,0.107143739,46,36,36,41,62,26,3,7,3,5,0,2,7.043478261,5.842966781,66.55655054,80.23143625,1.913043478,8.02173913,5.086956522,1.576923077,1.369565217,7.043478261,0.375,-0.219837001
È«¿øÇ¥,Lions (KBO),,0.010087205,0.106398329,6.1,3,3,5,4,6,0,1,0,0,0,0,4.426229508,7.198633211,123.2723966,75.79659962,1.639344262,7.37704918,8.852459016,0.833333333,1.475409836,4.426229508,0,0.171554242
¼ÒÇüÁØ,Wiz (KBO),,-0.023337508,0.103248341,4,1,1,1,5,1,1,1,1,0,0,0,2.25,8.00601026,231.54968,65.07445821,1.5,2.25,2.25,1,2.25,2.25,1,0.219024391
¿ì°­ÈÆ,Twins (KBO),,0.037225725,0.095133704,10.2,6,4,10,11,8,6,0,1,0,0,0,3.529411765,5.912873005,131.950705,78.76177455,1.862745098,8.823529412,7.058823529,1.25,0,5.294117647,1,0.323207028
±ÇÈÖ,Bears (KBO),,0.337345159,0.091115135,8.2,10,10,11,15,5,0,0,0,0,0,0,10.97560976,2.902351723,42.43120709,160.4589708,2.43902439,12.07317073,5.487804878,2.2,0,10.97560976,0,-0.179879207
Áø¿ì¿µ,Twins (KBO),,0.049740148,0.090313334,7.2,4,4,6,8,4,0,1,0,0,0,0,5,5.561565815,93.1416741,83.73691618,1.666666667,7.5,5,1.5,1.25,5,0,0.091628254
±è½ÂÀÏ,Eagles (KBO),,0.079374915,0.07940968,1.1,0,0,2,3,0,0,0,0,0,0,0,0,0.119646623,0,4191.475322,2.727272727,16.36363636,0,0,0,0,0,0.079444444
¹ÚÁ¤¿ì,Tigers (KBO),,0.071953982,0.072088102,1,0,0,2,0,0,0,0,0,0,0,0,0,-0.24398974,0,-2032.787994,0,18,0,0,0,0,0,0.072222222
ÀÓ»óÇö,Dinos (KBO),,0.111268464,0.071613259,35.1,27,21,18,36,21,0,4,1,4,0,0,5.384615385,6.00672251,87.06092884,78.04416069,1.623931624,4.615384615,5.384615385,0.857142857,1.025641026,6.923076923,0.2,0.316519806
ÀÌ¹Î¼®,Giants (KBO),,0.219873401,0.069028583,27.2,26,24,19,36,25,2,2,0,2,0,1,7.941176471,6.292774966,67.81397071,85.57793843,2.242647059,6.286764706,8.272058824,0.76,0.661764706,8.602941176,0,-0.105750363
ÀÓÁØÇü,Twins (KBO),,0.152942246,0.067402316,11.2,9,9,9,15,4,2,1,0,0,0,0,7.232142857,4.916724545,64.39424382,94.71923152,1.696428571,7.232142857,3.214285714,2.25,0.803571429,7.232142857,0,-0.070787433
¿äÅ°½Ã,Dinos (KBO),,0.214810101,0.067186394,34.1,28,24,25,44,19,2,4,3,3,0,0,6.33431085,5.662168617,74.00799043,82.79329856,1.847507331,6.598240469,5.014662757,1.315789474,1.055718475,7.390029326,0.5,0.014729319
¹Ú¼ººó,Landers (KBO),,0.052203395,0.06582392,1.1,0,0,2,1,0,1,0,0,0,0,0,0,2.846919351,0,186.7268812,0.909090909,16.36363636,0,0,0,0,0,0.079444444
¼ºµ¿Çö,Twins (KBO),,-0.012943595,0.065750425,2,0,0,1,0,3,0,0,0,0,0,0,0,7.25601026,0,64.18242999,1.5,4.5,13.5,0.333333333,0,0,0,0.144444444
±è¹Î±Ô,Dinos (KBO),,0.056974223,0.064165335,5,3,3,1,5,3,0,0,0,0,0,0,5.4,5.15601026,86.812892,90.92100155,1.6,1.8,5.4,0.333333333,0,5.4,0,0.044311103
¹ÚÁØÇ¥,Tigers (KBO),,0.087924162,0.054309057,4,3,3,3,8,2,1,0,0,0,0,1,6.75,4.50601026,73.47843179,110.0706359,2.5,6.75,4.5,1.5,0,6.75,0,0.000271327
¹Ú¼¼Áø,Wiz (KBO),,0.078827089,0.053210519,5.1,4,2,2,7,4,0,0,0,0,0,0,3.529411765,5.324637711,147.612921,97.84454987,2.156862745,3.529411765,7.058823529,0.5,0,7.058823529,0,0.190077758
ÀÌÃæÈ£,Eagles (KBO),,0.031120633,0.047643464,2.1,1,1,3,4,3,0,0,0,0,0,0,4.285714286,5.184581688,117.0157028,96.72831856,3.333333333,12.85714286,12.85714286,1,0,4.285714286,0,0.053183317
¹ÚÄ¡±¹,Bears (KBO),,-0.073650075,0.045186027,44.2,32,32,32,57,18,10,8,1,3,1,3,6.515837104,6.561440124,71.47329853,70.97654809,1.696832579,6.515837104,3.665158371,1.777777778,1.628959276,6.515837104,0.25,-0.058354337
ÀåÀçÇõ,Tigers (KBO),,0.002344526,0.040894485,1.1,0,0,0,2,1,0,0,0,0,0,0,0,6.483282987,0,76.50127499,2.727272727,0,8.181818182,0,0,0,0,0.079444444
À±È£¼Ö,Twins (KBO),,-0.024295385,0.039784735,4.1,2,2,5,4,8,0,0,0,0,0,0,4.390243902,7.170644406,106.0780177,64.94651584,2.926829268,10.97560976,17.56097561,0.625,0,4.390243902,0,0.081757655
¿øÁ¾Çö,Heroes (KBO),,0.004036727,0.038129475,1,0,0,2,1,2,0,0,0,0,0,0,0,5.75601026,0,79.34366678,3,18,18,1,0,0,0,0.072222222
±è´ëÀ¯,Tigers (KBO),,0.24142393,0.036695844,24,23,23,25,33,12,2,4,0,0,0,8,8.625,5.589343593,57.50485966,88.73661215,1.875,9.375,4.5,2.083333333,1.5,8.625,0,-0.27065338
ÃÖ¹ÎÁØ,Landers (KBO),,0.135268683,0.032336913,39.1,36,34,40,61,24,3,9,1,0,0,0,7.826086957,6.773913073,67.92620302,78.4769993,2.173913043,9.207161125,5.524296675,1.666666667,2.071611253,8.286445013,1,-0.148913899
¹ÚÁØ¿ì,Giants (KBO),,0.059008597,0.024339961,2,2,2,1,3,1,0,0,0,0,0,0,9,4.25601026,59.83585651,126.5322863,2,4.5,4.5,1,0,9,0,-0.019190931
ÃÖ½Â¿ë,Bears (KBO),,0.040918921,0.024240383,22,17,16,17,32,7,0,5,1,0,0,1,6.545454545,6.119646623,71.14988994,76.10053312,1.772727273,6.954545455,2.863636364,2.428571429,2.045454545,6.954545455,1,-0.033999771
°íÈ¿ÁØ,Landers (KBO),,0.118977739,0.020256085,22,21,20,27,23,20,1,4,2,1,0,5,8.181818182,6.528737532,64.97288985,81.42406841,1.954545455,11.04545455,8.181818182,1.35,1.636363636,8.590909091,0.666666667,-0.129951371
±èÀ¯¼º,Bears (KBO),,0.198613087,0.018451527,26,23,20,26,28,24,4,1,1,2,0,0,6.923076923,5.48677949,67.26898685,84.87827355,2,9,8.307692308,1.083333333,0.346153846,7.961538462,0.333333333,-0.111114449
¾çÇö,Lions (KBO),,-0.014451852,0.017732129,13,11,11,10,21,5,1,4,0,1,0,2,7.615384615,7.602164106,71.64863586,71.7732361,2,6.923076923,3.461538462,2,2.769230769,7.615384615,0,-0.015577688
±è¿µÇö,Wiz (KBO),,0.020391339,0.015527851,7.1,6,4,8,9,7,1,1,0,0,0,0,5.070422535,6.713756739,102.7501705,77.59988935,2.253521127,10.14084507,8.873239437,1.142857143,1.267605634,7.605633803,0,0.129032037
¹ÚÁÖÇö,Dinos (KBO),,-0.00080731,0.012311186,3,2,2,4,3,1,0,1,0,0,0,0,6,6.422676926,78.1316028,72.98975524,1.333333333,12,3,4,3,6,0,0.009685764
¹ÚÁ¾ÈÆ,Landers (KBO),,0.035551877,0.01016706,30.1,27,26,28,35,19,7,6,1,4,0,0,7.774086379,7.078269396,68.3805589,75.10259101,1.794019934,8.372093023,5.681063123,1.473684211,1.794019934,8.073089701,0.2,-0.104979547
ÀåÁö¼ö,Eagles (KBO),,0.274529448,0.009771505,14,18,17,11,23,10,2,0,0,0,0,0,10.92857143,4.75601026,45.8885109,105.4446567,2.357142857,7.071428571,6.428571429,1.1,0,11.57142857,0,-0.273860829
ÇÏÁØÈ£,Wiz (KBO),,0.032353609,0.009477821,2,2,2,0,5,1,0,0,0,0,0,0,9,5.25601026,57.88742,99.12210104,3,0,4.5,0,0,9,0,-0.022002271
±èµ¿ÁÖ,Bears (KBO),,0.417129481,0.008587106,50,46,38,35,67,21,4,6,1,3,0,0,6.84,5.41601026,68.08601908,85.98735013,1.76,6.3,3.78,1.666666667,1.08,8.28,0.25,-0.184780985
Á¤Ã¶¿ø,Bears (KBO),,-0.003456433,0.004662784,31.1,24,23,37,38,25,5,5,2,1,6,0,6.655948553,6.360511867,69.96874552,73.21869375,2.025723473,10.7073955,7.234726688,1.48,1.446945338,6.945337621,0.666666667,-0.073735029
±èÀ±½Ä,Twins (KBO),,0.071546245,0.003260471,3,4,4,1,7,1,0,0,0,0,0,0,12,4.089343593,38.80903088,113.8834045,2.666666667,3,3,1,0,12,0,-0.073033715
ÀåÇÊÁØ,Lions (KBO),,0.003649872,-0.000118514,0.1,5,5,0,5,0,0,0,0,0,0,0,450,3.75601026,1.212515376,145.2690173,50,0,0,0,0,450,0,-0.003887256
ÃÖ¿ì¼®,Dinos (KBO),,-0.085817228,-0.000141909,5.2,3,3,6,6,5,0,2,0,0,0,0,5.192307692,9.332933337,90.28540769,50.22961163,2.115384615,10.38461538,8.653846154,1.2,3.461538462,5.192307692,0,0.057246151
±èÁ¤¿ì,Bears (KBO),,0.002843211,-0.000520828,0.1,3,3,0,3,0,0,0,0,0,0,0,270,3.75601026,1.724845817,123.9901753,30,0,0,0,0,270,0,-0.003885584
ÇÔ´öÁÖ,Twins (KBO),,-0.083703157,-0.002180768,9.1,6,6,7,7,7,1,2,0,1,0,2,5.934065934,7.712054216,78.48048466,60.38707165,1.538461538,6.923076923,6.923076923,1,1.978021978,5.934065934,0,0.031503073
À±Á¤Çö,Heroes (KBO),,0.032022571,-0.002549617,3,3,3,1,4,2,0,0,0,0,0,0,9,5.089343593,50.74477334,89.73710493,2,3,6,0.5,0,9,0,-0.04840888
ÃÖµ¿È¯,Twins (KBO),,0.049400464,-0.002872905,22,18,17,14,35,9,0,4,0,1,0,2,6.954545455,6.074192078,66.9646023,76.67001052,2,5.727272727,3.681818182,1.555555556,1.636363636,7.363636364,0,-0.098767233
±èµ¿±Ô,Heroes (KBO),,-0.003832166,-0.003856178,0.1,2,2,0,1,2,0,0,0,0,0,0,180,63.75601026,2.537238667,7.163292656,30,0,180,0,0,180,0,-0.003881741
±èµµºó,Eagles (KBO),,-0.003837757,-0.003858079,0.1,2,2,1,1,3,0,0,0,1,0,0,180,73.75601026,2.786088162,6.799389872,40,90,270,0.333333333,0,180,0,-0.003880271
³ª±Õ¾È,Giants (KBO),,0.439945371,-0.003979387,69,71,67,70,111,44,5,14,4,7,0,0,8.739130435,6.495140694,61.62200148,82.911631,2.246376812,9.130434783,5.739130435,1.590909091,1.826086957,9.260869565,0.363636364,-0.573321394
±è°Ç±¹,Tigers (KBO),,0.243750069,-0.0050408,34.1,33,30,20,48,14,2,5,0,1,0,0,7.917888563,5.896772723,62.6403631,84.11031557,1.818181818,5.278592375,3.695014663,1.428571429,1.319648094,8.709677419,0,-0.258379559
ÃÖÇö¼®,Landers (KBO),,-0.007719596,-0.007736903,0.2,4,4,1,5,3,0,1,0,0,0,0,180,103.7560103,2.953313175,5.123523641,40,45,135,0.333333333,45,180,0,-0.007758412
±èµµ±Ô,Giants (KBO),,0.002302753,-0.009177299,4,4,4,5,5,6,2,0,0,1,0,0,9,7.25601026,59.83585651,74.21746791,2.75,11.25,13.5,0.833333333,0,9,0,-0.038381862
ÀÓÁØ¼·,Giants (KBO),,0.026948449,-0.012820005,11.1,11,10,3,12,11,3,0,0,0,0,2,8.108108108,6.999253503,66.41780072,76.94002058,2.072072072,2.432432432,8.918918919,0.272727273,0,8.918918919,0,-0.054141866
±èÁø¼ö,Twins (KBO),,-0.038432668,-0.012895034,13.1,10,10,6,17,4,0,3,0,1,0,0,6.870229008,6.733109496,67.7864406,69.16690881,1.603053435,4.122137405,2.748091603,1.5,2.061068702,6.870229008,0,-0.051186276
±èµµÀ±,Bears (KBO),,-0.011328532,-0.01565827,2.1,2,1,1,2,2,1,0,0,0,0,0,4.285714286,7.089343593,108.6652865,65.69132451,1.904761905,4.285714286,8.571428571,0.5,0,8.571428571,0,0.044672973
ÀÌÀÇ¸®,Tigers (KBO),,-0.090502893,-0.017491566,13.1,10,8,14,17,14,0,3,1,0,0,0,5.496183206,7.801811786,90.24069905,63.57233783,2.366412214,9.618320611,9.618320611,1,2.061068702,6.870229008,1,0.143859551
´õ°Å,Landers (KBO),,0.430249815,-0.017725317,22.2,33,32,18,37,10,3,2,0,3,0,0,12.97297297,5.062316566,40.9772203,105.0104956,2.117117117,7.297297297,4.054054054,1.8,0.810810811,13.37837838,0,-0.50869571
ÇöµµÈÆ,Giants (KBO),,0.058764605,-0.017955316,10,11,10,8,15,6,0,2,0,1,0,0,9,6.55601026,59.83585651,82.14183432,2.1,7.2,5.4,1.333333333,1.8,9.9,0,-0.095954655
Àü¿ëÁÖ,Wiz (KBO),,8.99073E-05,-0.019204253,1.2,3,2,4,2,3,1,0,0,0,0,0,15,7.089343593,34.732452,73.48871912,4.166666667,30,22.5,1.333333333,0,22.5,0,-0.032313569
Ã¤¿øÈÄ,Dinos (KBO),,0.025902443,-0.01927233,3,4,4,2,6,3,0,0,0,0,0,0,12,5.422676926,39.0658014,86.44985183,3,6,9,0.666666667,0,12,0,-0.072531133
È«¹Î±â,Giants (KBO),,0.055549439,-0.019608365,3.2,7,5,2,8,1,2,0,0,0,0,0,14.0625,5.31851026,38.29494817,101.254427,2.8125,5.625,2.8125,2,0,19.6875,0,-0.078970838
¿À¼®ÁÖ,Heroes (KBO),,0.303608633,-0.022473551,16,21,21,16,27,11,3,0,1,1,0,0,11.8125,4.38101026,38.66268445,104.2460375,2.375,9,6.1875,1.454545455,0,11.8125,0.5,-0.391037101
À¯Áö¼º,Tigers (KBO),,-0.032139101,-0.024970591,2,2,1,2,3,0,1,1,0,0,0,0,4.5,9.75601026,110.2176477,50.83834492,1.5,9,0,0,4.5,9,0,0.044108983
¹Ú½ÂÁÖ,Heroes (KBO),,0.023299637,-0.025925679,14.1,12,12,12,14,9,1,2,0,0,0,0,7.659574468,6.025513806,59.62510867,75.79485746,1.631205674,7.659574468,5.744680851,1.333333333,1.276595745,7.659574468,0,-0.137438724
ÃÖÁ¾ÀÎ,Bears (KBO),,-0.055620434,-0.026317222,5.2,4,4,5,7,2,0,2,1,0,0,0,6.923076923,7.98677949,67.26898685,58.30990715,1.730769231,8.653846154,3.461538462,2.5,3.461538462,6.923076923,1,-0.02222289
¹è¹Î¼­,Eagles (KBO),,-0.01803169,-0.028547824,1.2,3,3,1,4,3,0,0,0,0,0,0,22.5,9.589343593,22.2887053,52.29720515,5.833333333,7.5,22.5,0.333333333,0,22.5,0,-0.040356337
À¯½ÂÃ¶,Tigers (KBO),,-0.030841222,-0.028772172,3,3,3,2,2,6,0,0,0,0,0,0,9,8.422676926,55.10882384,58.88619722,2.666666667,6,18,0.333333333,0,9,0,-0.039016235
È«Á¤¿ì,Lions (KBO),,-0.029301985,-0.033118747,1,5,5,1,5,1,0,1,0,0,0,0,45,17.75601026,12.12515376,30.72942126,6,9,9,1,9,45,0,-0.037279009
À±¼ººó,Giants (KBO),,-0.031881042,-0.034433127,1,5,5,1,4,2,0,1,0,1,0,0,45,20.75601026,11.9671713,25.94538651,6,9,18,0.5,9,45,0,-0.037320098
±èÀ±¼ö,Lions (KBO),,-0.02854093,-0.03502344,1.2,4,4,0,1,4,0,0,0,0,0,0,30,13.75601026,18.18773064,39.66498345,4.166666667,0,30,0,0,30,0,-0.042397314
°­È¿Á¾,Twins (KBO),,-0.036562353,-0.037104758,1.1,3,3,2,2,3,0,1,0,0,0,0,24.54545455,20.11964662,18.97330398,23.14694583,4.545454545,16.36363636,24.54545455,0.666666667,8.181818182,24.54545455,0,-0.03853083
¼ÒÀÌÇö,Dinos (KBO),,-0.003629733,-0.038112038,2.1,6,4,0,4,1,1,0,0,0,0,0,17.14285714,6.613153117,27.34606098,70.88745845,2.380952381,0,4.285714286,0,0,25.71428571,0,-0.065431886
ÃÖ¼º¿µ,Dinos (KBO),,0.175927468,-0.04228585,40.2,36,29,27,61,16,0,7,1,0,1,1,6.492537313,5.87043812,72.20437776,79.85598472,1.915422886,6.044776119,3.582089552,1.6875,1.567164179,8.059701493,1,-0.032661217
±èÅÃÇü,Landers (KBO),,-0.047034695,-0.043710072,7,7,7,1,10,6,1,1,0,1,0,0,9,8.327438831,59.0662635,63.83671886,2.285714286,1.285714286,7.714285714,0.166666667,1.285714286,9,0,-0.071053534
ÀÌ¹ÏÀ½,Twins (KBO),,0.02027967,-0.04626364,4,7,7,2,11,4,0,0,0,1,0,0,15.75,5.75601026,29.56878543,80.90818979,3.75,4.5,9,0.5,0,15.75,0,-0.119821478
¼ÛÀç¿µ,Giants (KBO),,-0.025418503,-0.051527941,7,8,8,6,8,4,1,2,0,1,1,3,10.28571429,7.898867403,52.35637445,68.17720581,1.714285714,7.714285714,5.142857143,1.5,2.571428571,10.28571429,0,-0.104888064
±èÇö¼ö,Tigers (KBO),,0.042280554,-0.052582911,5,10,10,4,7,5,1,0,0,0,0,0,18,5.75601026,27.55441192,86.16722213,2.4,7.2,9,0.8,0,18,0,-0.155240666
À±´ë°æ,Eagles (KBO),,0.016577096,-0.053805591,7.2,9,9,7,10,6,1,1,0,0,0,0,11.25,6.533788037,44.57741059,76.7542299,2.222222222,8.75,7.5,1.166666667,1.25,11.25,0,-0.147381589
°­°Ç,Wiz (KBO),,-0.048625827,-0.056089949,4,5,5,3,8,4,1,1,0,1,0,0,11.25,9.25601026,46.309936,56.28632266,3,6.75,9,0.75,2.25,11.25,0,-0.077071362
¹é½Â°Ç,Landers (KBO),,-0.068700852,-0.058252977,9.1,9,8,5,13,9,0,2,0,0,0,0,7.912087912,8.481284985,67.18787473,62.67875357,2.417582418,4.945054945,8.901098901,0.555555556,1.978021978,8.901098901,0,-0.039413113
±è¹ÎÀç,Tigers (KBO),,-0.05885298,-0.058915765,2,4,4,2,6,0,1,2,0,0,0,0,18,16.25601026,27.55441192,30.51052544,3,9,0,0,9,18,0,-0.062096267
Á¤ÂùÇå,Heroes (KBO),,-0.012158896,-0.058997701,16,14,14,5,26,3,1,3,0,2,0,0,7.875,6.31851026,57.99402667,72.28016435,1.8125,2.8125,1.6875,1.666666667,1.6875,7.875,0,-0.174787206
ÀÌÃ¤È£,Wiz (KBO),,-0.045462663,-0.059790544,6.2,7,7,5,13,3,1,2,0,0,0,0,10.16129032,8.272139292,51.27171486,62.9809003,2.580645161,7.258064516,4.35483871,1.666666667,2.903225806,10.16129032,0,-0.097713109
¹Ú¹üÁØ,Heroes (KBO),,-0.044192938,-0.05993219,2.2,6,6,4,4,3,0,1,0,0,0,0,24.54545455,10.11964662,18.60641689,45.13032688,3.181818182,16.36363636,12.27272727,1.333333333,4.090909091,24.54545455,0,-0.077376092
Àü»ç¹Î,Dinos (KBO),,0.062462828,-0.06398465,21.1,20,20,16,32,15,3,2,0,0,0,0,8.530805687,6.030891776,54.95256064,77.73139267,2.227488152,6.82464455,6.398104265,1.066666667,0.853080569,8.530805687,0,-0.276789668
±èÈ£ÁØ,Bears (KBO),,0.050078483,-0.068112311,13.1,14,13,6,21,4,5,1,1,2,0,0,8.93129771,5.89341484,52.14341584,79.02182065,1.908396947,4.122137405,2.748091603,1.5,0.687022901,9.618320611,0.333333333,-0.198289369
¼­ÀÇÅÂ,Dinos (KBO),,-0.029860588,-0.070513711,7.2,8,8,7,5,8,0,1,1,0,0,0,10,6.950454704,46.87896168,67.44733068,1.805555556,8.75,10,0.875,1.25,10,1,-0.135864759
¹ÚÀ±¼º,Heroes (KBO),,-0.183667437,-0.079634934,16.2,12,12,12,12,9,0,5,0,0,0,1,6.666666667,7.953541124,68.50544401,57.42133635,1.296296296,6.666666667,5,1.333333333,2.777777778,6.666666667,0,-0.055073627
¹Ú¼ÒÁØ,Bears (KBO),,-0.085390403,-0.082120683,4,5,5,2,6,2,0,2,0,1,0,0,11.25,10.75601026,41.3962996,43.29750152,2,4.5,4.5,1,4.5,11.25,0,-0.090535388
±è¿µÁØ,Twins (KBO),,0.069218818,-0.087416362,15.1,17,14,11,21,9,0,2,1,1,0,0,8.344370861,5.808990392,55.8110825,80.17027729,1.986754967,6.556291391,5.364238411,1.222222222,1.19205298,10.13245033,0.5,-0.188738091
Àü·ç°Ç,Dinos (KBO),,-0.047196511,-0.087767645,4,9,9,0,11,5,1,0,0,0,0,0,20.25,8.25601026,23.15010453,56.78161752,4,0,11.25,0,0,20.25,0,-0.132948157
½ÅÇå¹Î,Landers (KBO),,-0.085052679,-0.0888006,3,7,6,0,7,3,1,2,0,0,0,0,18,16.42267693,29.53313175,32.3696541,3.333333333,0,9,0,6,21,0,-0.089925519
±èÁÖ¿Â,Landers (KBO),,-0.063414893,-0.088925112,4.2,8,8,4,8,3,0,2,0,0,0,0,17.14285714,10.18458169,31.00978834,52.19619104,2.619047619,8.571428571,6.428571429,1.333333333,4.285714286,17.14285714,0,-0.122395004
ÇÑ½ÂÁÖ,Eagles (KBO),,0.267937724,-0.098371107,22,31,28,14,45,10,3,2,0,2,0,0,11.45454545,5.437828442,43.7813854,92.22355478,2.5,5.727272727,4.090909091,1.4,0.818181818,12.68181818,0,-0.462368598
ÀÌÀçÀÍ,Lions (KBO),,0.058568486,-0.101082914,9.2,19,19,6,29,4,0,2,1,0,0,0,18.58695652,6.582097216,29.35563542,82.89636287,3.586956522,5.869565217,3.913043478,1.5,1.956521739,18.58695652,1,-0.276676385
ÀÌÇü¹ü,Tigers (KBO),,0.007886716,-0.101490452,15,17,13,9,26,7,5,2,0,1,0,2,7.8,6.689343593,63.58710444,74.14470608,2.2,5.4,4.2,1.285714286,1.2,10.2,0,-0.103470647
ÀÌ¿ìÂù,Twins (KBO),,0.263147599,-0.107761445,32.2,35,33,31,42,29,1,2,3,2,0,6,9.223602484,5.433028893,50.49094118,85.71799997,2.204968944,8.664596273,8.105590062,1.068965517,0.559006211,9.782608696,0.6,-0.525414552
±èÅÂÇö,Dinos (KBO),,-0.162418054,-0.108828552,9,8,7,3,12,7,0,3,0,0,0,0,7,9.75601026,66.96994526,48.05136571,2.111111111,3,7,0.428571429,3,8,0,-0.040370668
¼ÕÇö±â,Heroes (KBO),,-0.047642546,-0.109024032,14.1,14,12,9,17,8,3,2,0,1,0,0,7.659574468,6.663811678,59.62510867,68.53479391,1.773049645,5.744680851,5.106382979,1.125,1.276595745,8.936170213,0,-0.137438724
¹Ú¸í±Ù,Twins (KBO),,-0.217765134,-0.123940911,25.1,20,18,13,29,12,3,6,2,2,1,8,6.454183267,7.620552092,72.15605,61.11215629,1.633466135,4.661354582,4.302788845,1.083333333,2.151394422,7.171314741,0.5,-0.021233994
½Å¿µ¿ì,Dinos (KBO),,-0.09743587,-0.132465542,9.1,11,11,6,9,15,2,0,0,1,0,0,10.87912088,8.041724545,43.09076276,58.29466232,2.637362637,5.934065934,14.83516484,0.4,0,10.87912088,0,-0.195545776
ÀÌ¸íÁ¾,Heroes (KBO),,-0.182715129,-0.137210277,11,10,10,4,20,5,0,4,0,1,0,0,8.181818182,9.119646623,55.81925067,50.07901939,2.272727273,3.272727273,4.090909091,0.8,3.272727273,8.181818182,0,-0.137426537
ÇÑÂ÷Çö,Wiz (KBO),,-0.057355667,-0.151905257,19,22,21,17,29,18,0,4,0,4,0,0,9.947368421,7.545483944,52.37433239,69.04617171,2.473684211,8.052631579,8.526315789,0.944444444,1.894736842,10.42105263,0,-0.284451631
¸ñÁöÈÆ,Dinos (KBO),,-0.118186413,-0.155763862,9,12,12,3,15,10,2,1,0,1,0,0,12,8.533788037,39.0658014,54.93335606,2.777777778,3,10,0.3,1,12,0,-0.217593398
ÀüÁØÇ¥,Heroes (KBO),,-0.080865629,-0.166258055,24.1,23,16,16,26,17,4,3,2,4,0,0,5.975103734,6.660574575,76.43431484,68.56810248,1.784232365,5.975103734,6.348547718,0.941176471,1.12033195,8.589211618,0.333333333,0.050274313
ÀÌÅÂ¾ç,Eagles (KBO),,-0.140282748,-0.168093195,9.1,13,12,2,17,2,0,4,0,2,0,0,11.86813187,9.690076194,42.25567046,51.75355272,2.087912088,1.978021978,1.978021978,1,3.956043956,12.85714286,0,-0.200702822
¹èÀçÈ¯,Dinos (KBO),,-0.225019411,-0.188770435,18.2,17,16,13,20,15,0,5,0,1,0,0,7.912087912,8.371394875,59.24979879,55.99898509,1.923076923,6.428571429,7.417582418,0.866666667,2.472527473,8.406593407,0,-0.182329597
ÀÌÀÎº¹,Giants (KBO),,-0.127632494,-0.193555249,33,35,35,20,49,13,3,10,0,3,0,0,9.545454545,7.937828442,56.41666471,67.84257339,1.878787879,5.454545455,3.545454545,1.538461538,2.727272727,9.545454545,0,-0.398060385
ÀÌ°Ç¿í,Landers (KBO),,-0.093649642,-0.194150602,16.1,22,21,13,29,13,2,4,1,2,0,0,11.73913043,8.165948148,45.28413535,65.09916079,2.608695652,7.267080745,7.267080745,1,2.236024845,12.29813665,0.333333333,-0.321696925
Á¤ÁöÇå,Twins (KBO),,-0.100550378,-0.199260653,12.1,18,16,11,19,11,3,2,0,0,0,1,11.90082645,7.557663152,39.13243947,61.62068369,2.479338843,8.181818182,8.181818182,1,1.487603306,13.38842975,0,-0.292015128
¹é½ÂÇö,Twins (KBO),,-0.050562563,-0.200994617,24.1,26,25,13,29,21,2,2,1,1,2,1,9.336099585,6.619080799,49.88254102,70.35846587,2.074688797,4.854771784,7.842323651,0.619047619,0.746887967,9.709543568,0.5,-0.403679269
ÀÌ½Â¹Î,Lions (KBO),,-0.216938901,-0.206188727,43,43,41,22,61,25,2,12,1,3,0,0,8.581395349,8.244382353,63.58312338,66.18226762,2,4.604651163,5.23255814,0.88,2.511627907,9,0.25,-0.296738487
±è¿¬ÁÖ,Heroes (KBO),,-0.236671172,-0.215406824,27.1,24,23,15,32,17,5,5,1,1,0,1,7.638376384,7.482947529,59.79058076,61.03249532,1.808118081,4.981549815,5.645756458,0.882352941,1.660516605,7.970479705,0.5,-0.260921789
¹®¿ëÀÍ,Wiz (KBO),,-0.048599738,-0.223399343,17,27,23,17,23,22,2,2,0,0,0,0,12.17647059,7.520716142,42.78635392,69.27355988,2.647058824,9,11.64705882,0.772727273,1.058823529,14.29411765,0,-0.368825462
±è¸í½Å,Bears (KBO),,-0.004650109,-0.223796188,32.2,34,34,25,63,8,2,8,2,1,0,4,9.50310559,6.364705912,49.0059135,73.17044605,2.204968944,6.98757764,2.236024845,3.125,2.236024845,9.50310559,0.666666667,-0.559381728
±èµ¿Çõ,Heroes (KBO),,-0.29190365,-0.232609132,18.2,17,16,8,22,10,1,6,0,2,0,0,7.912087912,8.975790479,57.72217967,50.88164224,1.758241758,3.956043956,4.945054945,0.8,2.967032967,8.406593407,0,-0.202391063
À±ÁßÇö,Tigers (KBO),,-0.221254704,-0.242252679,10.1,17,16,4,22,9,3,4,0,0,0,0,14.25742574,11.67680234,34.78744505,42.47561963,3.069306931,3.564356436,8.01980198,0.444444444,3.564356436,15.14851485,0,-0.271631013
ÀÌ±³ÈÆ,Bears (KBO),,-0.129489659,-0.242708829,31.1,31,28,25,40,17,2,7,1,1,0,0,8.102893891,6.907135662,57.47432668,67.4242397,1.832797428,7.234726688,4.919614148,1.470588235,2.025723473,8.971061093,0.5,-0.351406969
Á¶¿µ°Ç,Heroes (KBO),,-0.107579786,-0.254224377,36.1,35,31,30,48,23,1,7,2,1,0,1,7.728531856,6.609195855,59.09310702,69.10113878,1.966759003,7.479224377,5.734072022,1.304347826,1.745152355,8.725761773,0.666666667,-0.36573418
À±¼®¿ø,Heroes (KBO),,-0.143089819,-0.265186623,15,23,21,1,29,6,1,3,0,0,0,0,12.6,7.622676926,36.24626667,59.91372381,2.333333333,0.6,3.6,0.166666667,1.8,13.8,0,-0.389794969
ÀÌÁ¾¹Î,Heroes (KBO),,-0.347452888,-0.347113141,43.2,39,37,21,56,22,5,9,1,8,0,0,7.708333333,7.367121371,59.24795157,61.9920505,1.805555556,4.375,4.583333333,0.954545455,1.875,8.125,0.111111111,-0.432839908
