name,team,Pos,wRC,oWAR,offWAR,atBats,plateAppearances,hits,doubles,triples,homeRuns,walks,hitByPitch,sacFlies,sacBunts,intentionalWalks,strikeouts,doublePlays,steals,caughtStealing,runs,rbis,avg,obp,slg,ops,wOBA,wRAA,wSB,spd,ubr,PosAdj
김도영,Tigers (KBO),3루,168.5259724,10.43460256,10.17626923,540,620,188,29,10,38,58,7,7,1,7,110,10,40,4,142,108,0.348148148,0.42003231,0.65,1.07003231,0.443947334,57.43240263,5.705287654,8.915608841,7.625002013,0.258333333
로하스,Wiz (KBO),우익,158.2641401,7.293989753,8.131489753,572,670,188,39,1,32,79,6,4,0,9,115,10,2,1,108,112,0.328671329,0.420895522,0.568181818,0.989077341,0.429454854,52.76989534,0.086022371,3.227369912,-5.041020175,-0.8375
김혜성,Heroes (KBO),2루,124.5113436,5.443265092,5.208681759,505,563,165,26,4,11,45,4,7,0,2,61,6,30,6,90,75,0.326732673,0.38365897,0.459405941,0.84306491,0.381786784,18.65458543,2.407404465,6.776134422,2.874827691,0.234583333
송성문,Heroes (KBO),3루,148.895759,7.882900669,7.633734002,523,598,178,29,4,19,62,3,8,0,2,80,5,21,0,87,104,0.340344168,0.409698997,0.520076482,0.929775478,0.416224168,39.52596344,4.515941321,6.376050025,2.395435257,0.249166667
홍창기,Twins (KBO),우익,144.8888414,5.58538928,6.38163928,524,637,176,18,3,5,93,12,4,1,3,93,8,10,11,96,73,0.335877863,0.446540881,0.410305344,0.856846224,0.410565318,38.65341928,-4.689257706,4.521485387,-1.997768767,-0.79625
구자욱,Lions (KBO),좌익,161.5933032,6.790847003,7.500847003,493,568,169,39,1,33,51,12,6,2,4,73,6,13,4,92,115,0.342799189,0.416961131,0.626774848,1.043735979,0.434156532,47.2924616,0.277167223,4.787875153,-0.961158792,-0.71
오스틴,Twins (KBO),1루,150.1828194,5.519159804,6.777493137,527,604,168,32,3,32,55,3,13,0,6,82,9,12,8,99,132,0.318785579,0.38410596,0.573055028,0.957160989,0.418041845,40.9734077,-2.508674298,4.831069084,-0.889802036,-1.258333333
박민우,Dinos (KBO),2루,126.2984996,5.031059992,4.813559992,452,522,149,26,2,8,49,9,4,4,4,78,5,31,7,75,50,0.329646018,0.407335907,0.449115044,0.856450952,0.384310731,18.55716216,1.957635799,6.115126892,1.52080196,0.2175
김주원,Dinos (KBO),유격,99.81856715,2.989758292,2.402258292,381,470,97,18,2,9,49,25,5,9,1,111,4,16,6,61,49,0.254593176,0.373101952,0.3832021,0.756304052,0.346913911,-0.115272013,-0.443873969,6.121355404,1.081728902,0.5875
에레디아,Landers (KBO),좌익,143.4816214,5.18285608,5.91660608,537,587,194,31,1,21,25,13,9,0,3,73,12,4,3,82,118,0.361266294,0.400340716,0.540037244,0.940377959,0.408577943,34.50276661,-0.843289536,3.36074448,-3.843416276,-0.73375
박동원,Twins (KBO),포수,112.8656384,3.909403079,2.871903079,434,498,118,22,0,20,53,0,7,2,2,112,14,1,0,58,80,0.271889401,0.348790323,0.460829493,0.809619816,0.365339902,8.661054547,0.413384452,1.866956485,-5.25540821,1.0375
김지찬,Lions (KBO),중견,115.446358,5.101835278,4.878918612,453,535,143,16,3,3,58,9,1,12,2,40,5,42,4,102,36,0.315673289,0.405353728,0.38410596,0.789459689,0.368984575,11.1709464,6.125137371,7.721813988,4.743102346,0.222916667
강승호,Bears (KBO),2루,104.8996666,3.688691232,3.452857899,521,566,146,34,7,18,28,7,4,2,4,158,8,16,5,81,81,0.280230326,0.328014184,0.476007678,0.804021862,0.354089797,3.748806737,0.16950355,6.792359748,2.310268701,0.235833333
최정,Landers (KBO),3루,140.886631,5.925400409,5.697900409,464,546,133,27,2,35,54,20,7,0,1,114,10,5,1,91,101,0.286637931,0.380952381,0.579741379,0.96069376,0.404913115,30.17755559,0.590082075,4.585657506,-1.088633584,0.2275
문보경,Twins (KBO),3루,130.4304372,5.220071363,4.969238029,519,602,156,35,3,22,62,2,13,3,3,112,14,7,6,80,101,0.300578035,0.372287145,0.506743738,0.879030883,0.390146144,24.76365653,-2.214099394,3.76964783,-2.957176845,0.250833333
데이비슨,Dinos (KBO),1루,141.4391655,4.336289893,5.511289893,501,564,152,23,1,46,34,17,7,0,5,142,12,0,1,90,119,0.303393214,0.368794326,0.628742515,0.997536841,0.405693443,31.59367847,-0.426459356,2.347474795,-4.254320183,-1.175
이재현,Lions (KBO),유격,106.2988039,3.035287895,2.462787895,389,458,101,18,1,14,57,8,3,0,1,83,8,2,1,71,66,0.259640103,0.364628821,0.419023136,0.783651957,0.356065757,3.899722023,-0.026459356,3.812014011,-2.145383713,0.5725
권희동,Dinos (KBO),좌익,134.27523,4.089350211,4.728100211,416,511,125,22,1,13,76,10,6,2,1,63,10,4,0,66,77,0.300480769,0.416502947,0.451923077,0.868426024,0.39557603,23.67616545,1.089475032,3.69623504,-3.034638378,-0.63875
소크라테스,Tigers (KBO),좌익,118.3861244,3.719173915,4.471673915,552,602,171,30,3,26,37,4,5,0,4,91,7,13,5,92,97,0.309782609,0.358803987,0.516304348,0.875108335,0.37313632,14.96224546,-0.379218016,5.320489065,0.033711709,-0.7525
박찬호,Tigers (KBO),유격,94.18340303,2.666057198,1.948557198,512,574,157,24,1,5,47,1,6,7,1,43,9,20,13,86,61,0.306640625,0.363315697,0.38671875,0.750034447,0.338955537,-4.513266243,-4.11450991,4.988146237,-0.586651864,0.7175
박성한,Landers (KBO),유격,108.793973,4.018639117,3.318639117,486,560,145,24,0,10,60,2,6,3,3,86,11,12,3,77,66,0.298353909,0.377019749,0.409465021,0.786484769,0.35958961,6.657071863,0.746785606,4.164701606,-2.2174663,0.7
윤동희,Giants (KBO),중견,120.3280912,4.521946668,4.268196668,528,609,156,35,4,14,66,7,5,2,1,113,10,7,8,97,85,0.295454545,0.378912685,0.456439394,0.835352079,0.375878901,16.73493312,-3.480553866,4.793200839,-1.022412575,0.25375
레이예스,Giants (KBO),우익,135.6399477,5.241529693,6.025279693,569,627,200,40,3,15,44,1,11,0,2,81,16,5,0,88,109,0.351493849,0.393939394,0.51142355,0.905362944,0.39750338,30.20749332,1.309324748,4.170252928,-2.61402114,-0.78375
허경민,Bears (KBO),3루,122.118483,3.921516917,3.722766917,417,477,129,28,0,7,36,18,6,0,0,25,8,5,1,69,61,0.309352518,0.383647799,0.426858513,0.810506312,0.378407418,14.2621108,0.59835279,4.357408772,-1.482794412,0.19875
장성우,Wiz (KBO),포수,107.8333534,3.798152664,2.779402664,418,489,112,19,0,19,59,1,8,2,1,86,8,5,0,53,81,0.267942584,0.35523614,0.449760766,0.804996905,0.358232955,5.178055111,1.221655167,3.304684963,-3.055683638,1.01875
강민호,Lions (KBO),포수,117.3515373,3.961303676,3.01963701,403,452,122,19,1,19,33,8,6,0,2,52,17,3,0,48,77,0.302729529,0.365044248,0.496277916,0.861322163,0.371675203,10.60196779,0.805113737,2.540478715,-3.810711433,0.941666667
도슨,Heroes (KBO),좌익,143.4401463,3.835194832,4.371444832,382,429,126,31,2,11,39,6,2,0,0,54,10,2,2,69,57,0.329842932,0.398601399,0.507853403,0.906454802,0.408519369,25.1917687,-0.682844594,3.825235008,-2.244475782,-0.53625
양의지,Bears (KBO),포수,128.3458952,4.890111144,3.879694477,430,485,135,18,1,17,35,9,6,0,5,56,13,2,1,57,94,0.313953488,0.379381443,0.479069767,0.858451211,0.387202207,18.58412011,-0.009917925,2.7367317,-4.027257415,1.010416667
문상철,Wiz (KBO),1루,104.0893097,1.268200054,2.107783387,347,403,89,11,0,17,43,7,3,1,2,86,8,6,1,50,58,0.25648415,0.350746269,0.435158501,0.78590477,0.352945354,2.227743273,0.737149497,3.545778556,-2.037058896,-0.839583333
고승민,Giants (KBO),2루,111.690108,3.64324554,3.422828873,478,529,146,27,6,13,41,1,8,1,0,77,10,5,3,78,85,0.305439331,0.356060606,0.468619247,0.824679853,0.363679735,8.359576661,-0.704492829,5.373913459,0.123204897,0.220416667
김영웅,Lions (KBO),3루,94.97083835,2.492452508,2.280369175,456,509,115,16,3,28,45,3,4,1,0,155,2,9,2,65,79,0.252192982,0.320866142,0.484649123,0.805515265,0.340067608,-3.460377391,0.698959832,5.390409434,0.11510931,0.212083333
오지환,Twins (KBO),유격,104.8512453,3.128661129,2.593661129,370,428,94,24,2,10,51,4,1,2,0,106,8,17,4,67,59,0.254054054,0.349765258,0.410810811,0.760576069,0.354021413,2.806771715,1.001076643,5.858171395,0.728762934,0.535
정수빈,Bears (KBO),중견,100.1113358,3.869160773,3.61582744,510,608,145,21,3,4,70,9,8,10,1,72,8,52,13,95,47,0.284313725,0.376254181,0.360784314,0.737038494,0.34732738,0.091505747,2.320227094,6.983542985,3.346541555,0.253333333
김재환,Bears (KBO),지명,136.0536183,3.351273271,4.961273271,474,552,134,28,0,29,60,6,9,0,3,168,8,1,1,78,92,0.282700422,0.367753623,0.525316456,0.893070079,0.398087595,26.90283347,-0.209917925,2.499359122,-4.680182831,-1.61
페라자,Eagles (KBO),좌익,120.1143621,2.945927995,3.597177995,454,521,125,24,0,24,58,2,2,0,5,128,6,7,5,75,70,0.275330396,0.364683301,0.486784141,0.851467442,0.375577058,14.16622303,-1.605684304,3.642267098,-2.638758774,-0.65125
박건우,Dinos (KBO),우익,145.3809253,3.533735302,3.986235302,323,362,111,23,1,13,30,4,2,0,3,54,7,4,0,58,53,0.343653251,0.408839779,0.541795666,0.950635445,0.411260273,22.20710807,0.978647448,4.215297023,-1.423402493,-0.4525
문성주,Twins (KBO),좌익,123.1040884,2.324584921,2.775834921,305,361,96,16,2,0,49,3,3,1,0,38,4,13,7,47,48,0.314754098,0.411111111,0.380327869,0.79143898,0.37979936,11.27472945,-1.710184066,5.406069487,0.143803831,-0.45125
손호영,Giants (KBO),3루,126.2285934,3.791144143,3.613644143,394,426,125,26,4,18,15,9,5,1,2,63,6,7,4,70,78,0.317258883,0.355294118,0.540609137,0.895903255,0.384212005,15.10409429,-1.018773074,5.927797326,0.751120218,0.1775
강백호,Wiz (KBO),지명,116.1607147,2.398152136,4.188985469,550,614,159,27,0,26,55,3,2,0,4,127,6,6,2,92,96,0.289090909,0.359934853,0.48,0.839934853,0.36999344,13.41340452,0.178358698,4.037701429,-2.401908527,-1.790833333
박해민,Twins (KBO),중견,83.14477681,2.193873527,1.96345686,482,553,127,16,6,6,46,11,9,5,0,101,3,43,13,72,56,0.263485477,0.335766423,0.358921162,0.694687585,0.323366014,-12.59997628,0.454061372,7.98399596,4.130483508,0.230416667
김민혁,Wiz (KBO),좌익,123.7745412,2.547270427,3.038520427,351,393,124,14,3,1,34,1,3,3,1,45,9,4,2,47,34,0.353276353,0.41025641,0.418803419,0.829059829,0.38074622,12.63033253,-0.259686592,4.253503771,-1.635441664,-0.49125
노시환,Eagles (KBO),3루,107.822013,3.910691765,3.661941765,524,597,142,19,2,24,50,11,4,0,8,129,10,6,0,88,89,0.270992366,0.353433836,0.452290076,0.805723912,0.35821694,6.312522692,1.4613546,4.731148104,-1.004459645,0.24875
김휘집,Dinos (KBO),유격,89.49732011,2.261258852,1.576258852,478,548,125,24,1,16,47,10,8,4,1,116,16,4,3,77,73,0.261506276,0.336397059,0.416317992,0.75271505,0.332337521,-7.780200263,-0.906146972,3.385588329,-2.951064243,0.685
이주형,Heroes (KBO),우익,104.091879,2.544006521,3.210256521,469,533,126,19,3,13,48,14,1,0,1,117,4,6,0,82,60,0.268656716,0.354596623,0.405117271,0.759713894,0.352948982,2.948221282,1.453083885,5.950789765,1.051260045,-0.66625
양석환,Bears (KBO),1루,107.7952851,2.012245553,3.24766222,533,593,131,25,1,34,48,7,3,1,1,128,15,5,3,83,107,0.245778612,0.315878378,0.487804878,0.803683256,0.358179193,6.248802346,-0.730959117,3.419891065,-2.691221028,-1.235416667
최원준,Tigers (KBO),중견,106.3892458,3.174325893,2.963492559,436,506,128,23,3,9,50,8,5,7,0,66,6,21,9,75,56,0.293577982,0.372745491,0.422018349,0.79476384,0.356193485,4.370289483,-1.368367822,6.13499127,1.333003933,0.210833333
라모스,Bears (KBO),우익,120.525195,2.067415575,2.502415575,311,348,95,19,3,10,26,3,6,1,1,60,5,3,3,43,48,0.305466238,0.360230548,0.482315113,0.84254566,0.376157265,9.655541264,-1.187199981,4.527381671,-0.844185533,-0.435
신민재,Twins (KBO),2루,105.5475592,3.326119865,3.128619865,387,474,115,11,6,0,63,5,3,15,1,47,7,32,11,78,40,0.297157623,0.40087146,0.356589147,0.757460607,0.355004796,3.554597023,-0.436476437,7.96143409,4.468078067,0.1975
황성빈,Giants (KBO),중견,111.7743207,4.01670573,3.849622396,361,401,116,15,8,4,31,2,1,6,0,55,3,51,9,94,26,0.32132964,0.37721519,0.440443213,0.817658403,0.363798666,6.382492622,4.58366203,10.88400509,7.480069312,0.167083333
최지훈,Landers (KBO),중견,97.79667209,3.615336157,3.389502824,482,542,133,22,7,11,50,2,2,6,0,71,5,32,5,89,49,0.27593361,0.345149254,0.419087137,0.764236391,0.344058449,-1.614315848,3.40754884,8.296950787,5.00179525,0.225833333
최형우,Tigers (KBO),지명,116.3929211,1.821581744,3.241998411,425,487,119,23,2,22,48,5,5,0,4,86,5,1,1,67,109,0.28,0.361396304,0.498823529,0.860219833,0.370321378,10.79183754,-0.2396925,3.624728046,-2.482160934,-1.420416667
김상수,Wiz (KBO),유격,90.32787501,1.968749314,1.443749314,369,420,102,18,4,4,37,6,1,7,0,59,12,3,2,60,45,0.276422764,0.351089588,0.379403794,0.730493382,0.333510489,-5.49137724,-0.496077739,4.869493975,-0.575051883,0.525
안치홍,Eagles (KBO),지명,115.6595242,1.768735047,3.31456838,470,530,142,21,0,13,48,6,4,1,1,70,10,3,2,64,66,0.30212766,0.372400756,0.429787234,0.80218799,0.369285623,11.21926796,-0.424949588,2.944685077,-4.148634572,-1.545833333
김선빈,Tigers (KBO),2루,112.7741868,3.024316935,2.830150269,423,466,139,23,0,9,30,5,0,7,0,39,13,5,1,48,57,0.328605201,0.379912664,0.446808511,0.826721174,0.365210747,8.046912298,0.588427932,3.016431396,-3.633837541,0.194166667
최인호,Eagles (KBO),좌익,103.992491,1.138984276,1.438984276,207,240,59,13,2,2,24,3,2,4,0,31,3,3,0,36,22,0.285024155,0.36440678,0.396135266,0.760542045,0.35280862,1.29528481,0.71413587,5.7715207,0.380422079,-0.3
이지영,Landers (KBO),포수,70.39411572,1.329926,0.438259334,394,428,110,11,1,5,18,7,2,7,0,35,10,8,1,44,50,0.279187817,0.320665083,0.350253807,0.67091889,0.305358635,-17.12899549,1.148728499,4.451749326,-1.037139672,0.891666667
전준우,Giants (KBO),지명,122.9351756,2.212456877,3.609540211,420,479,123,26,2,17,48,5,5,1,0,83,11,3,1,57,82,0.292857143,0.368200837,0.485714286,0.853915123,0.379560809,14.85072555,0.170232358,3.422415575,-2.875555802,-1.397083333
황영묵,Eagles (KBO),2루,102.4915031,1.841578053,1.680328053,348,387,105,8,4,3,30,5,1,3,0,56,6,4,7,52,35,0.301724138,0.364583333,0.373563218,0.738146552,0.350688819,1.303414334,-3.518454781,5.036520597,-0.331679018,0.16125
서호철,Dinos (KBO),3루,84.86165467,1.404080718,1.172414052,501,556,140,18,3,10,30,16,3,6,0,99,15,1,3,65,60,0.279441118,0.338181818,0.387225549,0.725407367,0.325790709,-11.37793081,-1.482988969,3.254131514,-3.214939707,0.231666667
이성규,Lions (KBO),우익,103.3733475,1.580210443,2.023960443,302,355,73,10,1,22,31,15,3,4,0,109,5,9,2,56,57,0.241721854,0.339031339,0.5,0.839031339,0.351934222,1.618823568,0.649335541,5.578670458,0.221445317,-0.44375
정준재,Landers (KBO),2루,110.5225285,1.910755112,1.812421778,212,236,66,8,5,1,19,2,0,3,0,49,3,16,5,38,23,0.311320755,0.373390558,0.410377358,0.783767916,0.362030797,3.356929368,0.088450541,8.945962388,2.878837875,0.098333333
조수행,Bears (KBO),좌익,61.09113648,0.569605905,1.047105905,328,382,87,5,2,0,32,3,4,14,1,53,2,64,8,60,30,0.265243902,0.33423913,0.292682927,0.626922057,0.292220314,-20.09194578,7.818543408,8.555847224,3.644461421,-0.4775
나성범,Tigers (KBO),우익,116.6423779,2.161817452,2.691817452,374,424,109,17,1,21,37,4,7,0,1,98,8,0,0,51,80,0.29144385,0.356973995,0.510695187,0.867669182,0.370673678,9.538746891,0.183609877,2.123941392,-4.004182249,-0.53
한준수,Tigers (KBO),포수,101.3953819,1.978912117,1.32474545,285,314,86,22,0,7,20,2,6,0,1,48,7,0,0,38,41,0.301754386,0.347133758,0.452631579,0.799765337,0.3491408,0.592287866,0.1306773,2.12635315,-3.175510662,0.654166667
서건창,Tigers (KBO),1루,125.2042861,1.540461666,2.055044999,202,247,63,14,1,1,36,3,3,3,0,31,2,3,1,40,26,0.311881188,0.418032787,0.405940594,0.823973381,0.382765406,8.41552943,0.095795921,4.981373748,-0.310875362,-0.514583333
윤정빈,Lions (KBO),우익,117.9726654,0.932998664,1.167998664,161,188,46,4,1,7,22,3,2,0,0,47,1,1,3,26,20,0.285714286,0.377659574,0.453416149,0.831075724,0.372552404,4.567519671,-1.641786701,4.188508073,-0.645746328,-0.235
최재훈,Eagles (KBO),포수,96.36924053,1.962673485,1.241840152,278,346,72,10,0,4,33,21,6,8,0,58,10,0,0,34,37,0.258992806,0.372781065,0.338129496,0.710910561,0.34204253,-1.698179785,0.18526402,1.966534392,-3.368682714,0.720833333
채은성,Eagles (KBO),1루,113.31638,1.868976059,2.900226059,434,495,118,24,0,20,48,8,4,0,1,83,12,1,1,61,82,0.271889401,0.353535354,0.465437788,0.818973142,0.36597647,8.910487523,-0.231421785,2.269805488,-4.426805152,-1.03125
구본혁,Twins (KBO),유격,76.86440605,1.10214779,0.61589779,339,389,87,14,2,2,38,4,4,4,0,51,7,8,4,48,43,0.256637168,0.335064935,0.327433628,0.662498563,0.314496433,-12.16579078,-0.802231643,5.03043551,-0.322999679,0.48625
김헌곤,Lions (KBO),좌익,102.9558571,1.152367463,1.541117463,281,311,85,8,1,9,22,3,1,4,0,50,5,4,2,43,34,0.302491103,0.358306189,0.434163701,0.79246989,0.351344612,1.24266455,-0.340739601,4.217748899,-1.040750316,-0.38875
박준영,Bears (KBO),유격,88.18894119,1.019703113,0.754703113,186,212,42,9,2,7,21,3,1,1,0,58,3,2,0,25,28,0.225806452,0.312796209,0.408602151,0.721398359,0.330489737,-3.384813788,0.479398866,5.038374623,-0.147553945,0.265
이용규,Heroes (KBO),중견,128.0488322,1.973126273,1.878542939,183,227,56,5,2,1,31,9,1,3,0,33,4,2,2,27,12,0.306010929,0.428571429,0.371584699,0.800156128,0.386782674,8.606978735,-0.747356173,4.796871942,-0.424193171,0.094583333
제러드,Bears (KBO),우익,189.074294,2.789248345,3.000498345,144,169,47,16,1,10,21,3,1,0,0,35,0,4,0,29,39,0.326388889,0.420118343,0.659722222,1.079840565,0.472967117,20.34928631,0.872782294,5.875854924,0.332914845,-0.21125
김기연,Bears (KBO),포수,86.85484377,1.130583382,0.541000049,252,283,70,10,0,5,22,2,3,4,0,47,5,0,2,31,31,0.277777778,0.336917563,0.376984127,0.71390169,0.328605631,-5.028775829,-1.16224346,2.303063546,-2.548980226,0.589583333
오윤석,Wiz (KBO),2루,118.9198639,1.463160345,1.379410345,174,201,51,12,2,6,18,4,2,3,0,41,7,0,1,33,27,0.293103448,0.368686869,0.488505747,0.857192616,0.373890104,5.140722428,-0.558790799,3.95052804,-0.837828178,0.08375
오태곤,Landers (KBO),1루,100.9753421,1.223956157,1.823956157,247,288,68,16,0,9,29,1,3,6,2,73,4,27,4,43,36,0.275303644,0.354609929,0.449392713,0.804002642,0.34854759,0.379716578,2.934910921,5.912252263,0.524934068,-0.6
나승엽,Giants (KBO),1루,133.8465568,3.547489367,4.564156034,406,488,126,34,4,7,68,4,7,2,1,83,4,1,0,59,66,0.310344828,0.409465021,0.465517241,0.874982262,0.394970628,22.32772148,0.453083885,4.48311646,-1.539245022,-1.016666667
이도윤,Eagles (KBO),유격,78.16469506,1.127661699,0.662661699,334,372,93,10,3,1,26,3,3,6,0,55,5,6,4,49,46,0.278443114,0.333333333,0.335329341,0.668662675,0.316332792,-10.98025156,-1.207194072,5.489638048,0.214062629,0.465
맥키넌,Lions (KBO),1루,106.5987187,0.891597388,1.547847388,272,315,80,13,0,4,36,1,3,0,3,33,6,1,0,28,36,0.294117647,0.380952381,0.386029412,0.766981793,0.356489317,2.809831368,0.365414304,2.304670947,-3.446771794,-0.65625
손아섭,Dinos (KBO),지명,76.69188992,-0.43516891,0.594414423,331,353,95,16,0,7,16,0,4,2,0,65,1,6,2,45,50,0.287009063,0.316239316,0.398791541,0.715030857,0.314252794,-11.12222956,0.052643827,4.678069665,-0.636270029,-1.029583333
정훈,Giants (KBO),1루,98.40831463,0.565339273,1.234089273,281,321,74,19,0,9,35,0,4,1,0,62,3,1,1,30,47,0.263345196,0.340625,0.427046263,0.767671263,0.344922254,-0.690672788,-0.312474794,2.568571199,-2.705959687,-0.66875
김현수,Twins (KBO),좌익,106.5345768,2.574597479,3.303347479,517,583,152,36,2,8,46,9,9,1,1,76,10,6,1,61,69,0.294003868,0.357388316,0.417794971,0.775183287,0.356398732,5.149868113,0.819856649,4.203837513,-2.086249968,-0.72875
김태군,Tigers (KBO),포수,71.86273676,0.603204676,0.042788009,234,269,61,7,0,7,12,11,1,11,0,24,14,0,0,23,34,0.260683761,0.325581395,0.38034188,0.705923276,0.307432724,-10.23161576,0.115790013,0.898387819,-2.906294155,0.560416667
추신수,Landers (KBO),지명,108.8849831,1.001454807,1.879371473,252,301,71,14,1,5,37,4,6,2,0,68,2,5,1,40,37,0.281746032,0.37458194,0.404761905,0.779343845,0.359718141,3.615207196,0.50572078,4.932046907,-0.377213243,-0.877916667
심우준,Wiz (KBO),유격,75.15181614,0.590801857,0.350801857,169,192,45,4,0,3,17,1,0,5,0,29,3,7,1,22,28,0.266272189,0.336898396,0.343195266,0.680093662,0.312077793,-6.449201842,0.84617163,4.458844475,-0.488951215,0.24
신본기,Wiz (KBO),유격,88.56479276,0.667513919,0.477513919,122,152,34,3,0,3,16,3,2,9,0,28,3,2,0,18,19,0.278688525,0.370629371,0.37704918,0.747678551,0.331020541,-2.349620466,0.477744723,3.274236018,-0.952985063,0.19
배정대,Wiz (KBO),중견,93.23986001,1.692617299,1.495533965,404,473,111,25,1,7,49,4,7,8,1,114,5,9,7,49,59,0.274752475,0.35483871,0.393564356,0.748403066,0.337622999,-4.322419549,-2.508529923,4.034033284,-1.863710876,0.197083333
김태진,Heroes (KBO),유격,20.80144016,-0.841730574,-1.089230574,187,198,42,6,3,0,5,0,0,5,1,27,1,0,0,26,9,0.22459893,0.248704663,0.288770053,0.537474717,0.235320376,-21.19788654,0.062857436,6.015870823,0.342723366,0.2475
디아즈,Lions (KBO),1루,106.2843173,0.347769598,0.593602931,110,118,31,5,0,7,6,2,0,0,0,25,2,0,0,14,19,0.281818182,0.330508475,0.518181818,0.848690293,0.356045298,1.002421098,0.044661862,1.931684982,-1.011053649,-0.245833333
장진혁,Eagles (KBO),중견,94.05091213,1.406155755,1.270739088,287,325,76,16,0,9,29,3,1,5,0,72,6,14,6,56,44,0.264808362,0.3375,0.414634146,0.752134146,0.338768424,-2.613628358,-0.941468409,5.315738975,0.012487647,0.135416667
이유찬,Bears (KBO),3루,83.29584415,0.720138463,0.610971796,231,262,64,11,0,3,22,1,1,7,0,51,9,16,6,39,23,0.277056277,0.341176471,0.363636364,0.704812834,0.323579362,-5.916105546,-0.558009839,4.631517507,-0.516166655,0.109166667
이창진,Tigers (KBO),좌익,105.0299982,0.807600676,1.115100676,190,246,50,10,0,1,45,2,4,5,0,36,6,4,3,36,18,0.263157895,0.402489627,0.331578947,0.734068574,0.35427386,1.672680631,-0.997124839,3.29686488,-1.824549028,-0.3075
김태연,Eagles (KBO),우익,110.5609701,2.124817264,2.709817264,409,468,119,24,0,12,45,4,4,6,0,89,9,5,2,58,61,0.290953545,0.363636364,0.437652812,0.801289175,0.362085087,6.681281292,-0.074573879,3.362840628,-2.908534775,-0.585
이형종,Heroes (KBO),우익,98.1428201,0.402279286,0.559779286,102,126,22,3,0,4,21,1,0,1,1,27,1,1,0,19,19,0.215686275,0.36,0.362745098,0.722745098,0.344547304,-0.316325795,0.261203292,3.684152211,-0.64708464,-0.1575
박세혁,Dinos (KBO),포수,73.96550631,0.645198039,0.288948039,148,171,39,9,0,1,14,3,1,5,0,43,3,4,0,21,10,0.263513514,0.337349398,0.344594595,0.681943992,0.310402403,-6.018043675,0.87609058,4.304620512,-0.518566516,0.35625
김재호,Bears (KBO),유격,102.3918162,0.837171235,0.644671235,126,154,38,5,0,1,19,1,1,7,0,23,4,0,0,20,11,0.301587302,0.394557823,0.365079365,0.759637188,0.350548034,0.497918895,0.086015438,2.021110262,-1.837221988,0.1925
김형준,Dinos (KBO),포수,57.72843152,0.227612133,-0.626554533,350,410,68,12,0,17,45,2,6,7,0,144,6,0,0,39,50,0.194285714,0.285359801,0.374285714,0.659645516,0.287471266,-23.42838262,0.142256301,1.677469002,-3.479419017,0.854166667
권광민,Eagles (KBO),좌익,122.7729676,0.326259446,0.388759446,47,50,13,3,0,4,3,0,0,0,0,17,0,0,0,10,9,0.276595745,0.32,0.595744681,0.915744681,0.379331728,1.539216542,0.014887287,3.914285714,-0.166509372,-0.0625
김건희,Heroes (KBO),포수,79.59484337,0.930652626,0.349402626,257,279,65,15,0,9,18,0,4,0,0,80,7,0,0,27,37,0.252918288,0.297491039,0.416342412,0.713833452,0.318352548,-7.69580801,0.097594439,1.44002574,-2.857760173,0.58125
박상언,Eagles (KBO),포수,130.5137165,0.565092745,0.456759412,42,52,12,3,0,0,9,1,0,0,0,12,0,1,0,4,4,0.285714286,0.423076923,0.357142857,0.78021978,0.390263757,2.14490736,0.231428718,3.355473525,-0.40874196,0.108333333
변우혁,Tigers (KBO),1루,111.0805804,0.71950727,1.102840603,166,184,49,9,2,5,15,2,1,0,0,48,8,1,0,22,21,0.295180723,0.358695652,0.463855422,0.822551074,0.362818917,2.756071126,0.282707152,3.250385432,-1.210372244,-0.383333333
이정훈,Giants (KBO),지명,96.38319458,0.011204362,0.349537695,100,116,30,8,0,0,12,0,2,1,1,21,4,0,0,10,18,0.3,0.373913043,0.38,0.753913043,0.342062237,-0.567143844,0.056240863,1.130421801,-1.793720065,-0.338333333
조대현,Wiz (KBO),포수,60.77461897,0.021031589,-0.072718411,36,45,11,2,0,0,3,0,1,5,0,12,1,0,0,2,3,0.305555556,0.35,0.361111111,0.711111111,0.291773306,-2.386106223,0.019849716,0.938095238,-0.6109276,0.09375
최정원,Dinos (KBO),중견,88.08298427,0.546665757,0.487915757,117,141,31,4,0,0,17,4,2,1,0,31,1,7,3,31,12,0.264957265,0.371428571,0.299145299,0.670573871,0.330340097,-2.271416175,-0.459982274,6.547543863,0.560556023,0.05875
윤도현,Tigers (KBO),3루,139.2565917,0.217083265,0.207916598,22,22,9,2,0,0,0,0,0,0,0,7,0,0,0,3,6,0.409090909,0.409090909,0.5,0.909090909,0.402611059,1.167469007,0.011579001,3.080952381,-0.199882029,0.009166667
전병우,Lions (KBO),3루,78.0942105,0.15227123,0.098937896,111,128,25,5,0,5,14,1,2,0,0,42,3,0,1,17,14,0.225225225,0.3125,0.405405405,0.717905405,0.316233249,-3.79034698,-0.596836089,2.200536635,-1.023437968,0.053333333
천재환,Dinos (KBO),우익,94.13620667,0.66763029,0.94888029,204,225,60,9,1,5,13,4,1,3,0,50,7,8,2,30,33,0.294117647,0.346846847,0.421568627,0.768415474,0.338888883,-1.783492396,0.409636108,4.714983797,-0.38734081,-0.28125
정준영,Wiz (KBO),우익,52.20449859,-0.249185861,-0.156685861,62,74,14,2,0,0,8,1,0,3,0,16,1,0,0,9,3,0.225806452,0.323943662,0.258064516,0.582008178,0.27966998,-4.781111043,0.034737004,2.936024845,-0.520484573,-0.0925
강현우,Wiz (KBO),포수,149.0636847,0.452768275,0.377768275,26,36,8,1,0,1,8,0,0,2,0,10,0,0,0,4,8,0.307692308,0.470588235,0.461538462,0.932126697,0.416461324,2.387661463,0.023158003,2.414285714,-0.433136715,0.075
전다민,Bears (KBO),좌익,158.4292992,0.359428564,0.401928564,27,34,9,2,0,0,7,0,0,0,0,8,0,1,1,10,1,0.333333333,0.470588235,0.407407407,0.877995643,0.429688103,2.685466153,-0.423302378,5.682676272,0.057121869,-0.0425
홍종표,Tigers (KBO),2루,81.44399998,0.506920422,0.459003755,105,115,31,4,3,0,6,1,0,3,0,31,0,5,2,27,11,0.295238095,0.339285714,0.39047619,0.729761905,0.320964057,-2.884644464,-0.241642326,10.91993336,1.966324344,0.047916667
문현빈,Eagles (KBO),2루,98.16205702,1.059544352,0.940794352,257,285,71,16,2,5,23,2,1,1,1,53,9,3,5,29,46,0.276264591,0.341549296,0.412451362,0.754000658,0.344574471,-0.70808759,-2.511549459,3.393135069,-1.622419431,0.11875
최주환,Heroes (KBO),1루,86.32310021,0.021009262,1.146009262,478,540,123,23,1,13,45,6,9,0,2,92,12,0,1,49,84,0.257322176,0.325925926,0.391213389,0.717139315,0.327854665,-9.983699793,-0.419842784,2.009322271,-5.136364804,-1.125
박정우,Tigers (KBO),중견,74.6592785,0.078985065,0.051901731,61,65,17,3,1,0,4,0,0,0,0,13,3,0,1,15,10,0.278688525,0.323076923,0.360655738,0.683732661,0.311382197,-2.22660111,-0.618339948,5.871655671,0.113958372,0.027083333
신윤후,Giants (KBO),우익,-3.580270944,-0.350772251,-0.307022251,31,35,5,0,0,0,1,2,0,1,0,8,1,0,0,5,1,0.161290323,0.235294118,0.161290323,0.39658444,0.200886811,-4.900666803,0.013233144,6.422049689,0.067211153,-0.04375
김병준,Wiz (KBO),중견,128.8514401,0.168013385,0.161346718,14,16,5,0,0,0,2,0,0,0,0,2,0,0,0,9,1,0.357142857,0.4375,0.357142857,0.794642857,0.387916173,0.624018646,0.011579001,7.842857143,0.177869533,0.006666667
류지혁,Lions (KBO),2루,77.74045874,0.773980093,0.628980093,302,348,78,9,1,3,33,6,2,5,0,70,7,11,4,43,36,0.258278146,0.341107872,0.324503311,0.665611183,0.315733656,-10.47141912,-0.213810644,4.893239478,-0.424969307,0.145
박병호,Lions (KBO),1루,94.4357459,0.679821206,1.52565454,350,406,81,7,0,23,47,7,2,0,0,121,13,4,0,52,70,0.231428571,0.332512315,0.448571429,0.781083744,0.339311913,-3.05381748,0.973685019,2.479652249,-2.963322141,-0.845833333
하주석,Eagles (KBO),유격,99.16915338,0.775721315,0.588221315,136,150,40,9,1,1,10,2,0,2,0,32,1,1,2,16,11,0.294117647,0.351351351,0.397058824,0.748410175,0.345996764,-0.168469857,-1.025100896,4.399276373,-0.424216096,0.1875
최원영,Twins (KBO),좌익,101.6310889,0.094322386,0.145572386,37,41,10,2,0,1,1,3,0,0,0,7,0,6,4,18,5,0.27027027,0.341463415,0.405405405,0.74686882,0.349473682,0.090400654,-1.367645947,16.68468303,0.682969153,-0.05125
박수종,Heroes (KBO),중견,66.28169423,0.161781398,0.101364731,126,145,32,5,0,0,13,2,0,4,0,16,3,3,0,22,6,0.253968254,0.333333333,0.293650794,0.626984127,0.299550784,-6.609123019,0.669474008,4.642522304,-0.296703678,0.060416667
안중열,Dinos (KBO),포수,196.0920541,0.291040733,0.259790733,13,15,4,1,0,2,2,0,0,0,0,6,0,0,0,3,3,0.307692308,0.4,0.846153846,1.246153846,0.48287809,1.948448023,0.004962429,2.664285714,-0.105503124,0.03125
변상권,Heroes (KBO),좌익,59.96088673,-0.563255576,-0.273255576,219,232,55,3,1,5,11,1,1,0,0,51,4,0,0,16,21,0.251141553,0.288793103,0.342465753,0.631258857,0.290624096,-12.55690257,0.095940296,2.233677764,-1.871593489,-0.29
전민재,Bears (KBO),유격,52.46818399,-0.134783094,-0.479783094,248,276,61,5,1,2,16,4,3,4,1,53,8,7,3,34,32,0.245967742,0.301470588,0.298387097,0.599857685,0.280042375,-17.73387235,-0.418628698,4.691822875,-0.445329884,0.345
오영수,Dinos (KBO),1루,71.62929204,-0.04342321,0.027410124,30,34,6,0,0,3,2,1,1,0,0,6,0,0,0,4,5,0.2,0.264705882,0.5,0.764705882,0.307103037,-1.303944717,0.009924858,2.664285714,-0.131878905,-0.070833333
고명준,Landers (KBO),1루,71.19189837,-0.808839822,-0.054673156,337,362,84,13,0,11,24,1,0,0,0,89,4,2,4,32,45,0.24925816,0.301104972,0.385756677,0.686861649,0.306485319,-14.09721423,-2.045239362,2.609091808,-2.504277963,-0.754166667
김민혁,Bears (KBO),지명,244.5271766,0.161796798,0.185130131,5,8,1,0,0,1,3,0,0,0,0,3,0,0,0,1,2,0.2,0.5,0.8,1.3,0.551281572,1.562966229,0.004962429,1.414285714,-0.116627343,-0.023333333
김동혁,Giants (KBO),중견,58.95613393,0.061988124,0.054904791,15,17,3,0,1,0,2,0,0,0,0,5,0,3,1,8,1,0.2,0.294117647,0.333333333,0.62745098,0.289205114,-0.943207558,-0.039843808,22.35434565,0.682099274,0.007083333
최준우,Landers (KBO),2루,134.5296761,0.296705056,0.28253839,25,34,6,2,0,0,9,0,0,0,0,8,0,0,0,2,5,0.24,0.441176471,0.32,0.761176471,0.395935377,1.587016751,0.02150386,2.080952381,-0.483136715,0.014166667
이원석,Eagles (KBO),중견,64.74046393,0.204537899,0.140371232,133,154,31,4,1,0,16,2,1,2,0,32,3,8,2,26,13,0.233082707,0.322368421,0.278195489,0.60056391,0.297374151,-7.340191717,0.379861533,6.777513824,0.664042505,0.064166667
손성빈,Giants (KBO),포수,59.46743457,0.272356883,-0.083893117,152,171,30,6,2,6,13,3,2,1,0,38,3,0,0,24,21,0.197368421,0.270588235,0.381578947,0.652167183,0.289927208,-9.369367882,0.052932577,5.105929038,-0.072495866,0.35625
김준태,Wiz (KBO),포수,92.63024352,0.171338221,0.108838221,25,30,6,2,0,0,5,0,0,0,0,6,0,0,0,6,3,0.24,0.366666667,0.32,0.686666667,0.336762056,-0.298871485,0.014887287,4.141558442,-0.127633591,0.0625
도태훈,Dinos (KBO),1루,57.08459941,-0.583153899,-0.226903899,136,171,27,3,0,0,23,6,2,4,0,28,5,1,0,19,12,0.198529412,0.335329341,0.220588235,0.555917577,0.286562001,-9.920175831,0.287669581,2.92879834,-1.186532736,-0.35625
김현종,Twins (KBO),중견,29.20462654,-0.017620892,-0.024287559,15,16,3,1,0,0,0,1,0,0,0,4,0,0,0,8,2,0.2,0.25,0.266666667,0.516666667,0.247187946,-1.531210676,0.004962429,21.41428571,0.483372657,0.006666667
이병헌,Lions (KBO),포수,71.06705737,0.374301745,0.028468412,145,166,36,4,0,1,17,2,0,2,0,48,0,0,0,9,9,0.248275862,0.335365854,0.296551724,0.631917578,0.30630901,-6.492482424,0.082707152,2.214285714,-1.605540611,0.345833333
오선진,Giants (KBO),3루,29.64309243,-0.140897297,-0.15298063,20,29,4,1,0,0,2,2,0,5,0,8,0,0,0,0,0,0.2,0.333333333,0.25,0.583333333,0.247807178,-2.758130616,0.011579001,1.414285714,-0.233254686,0.012083333
김주성,Twins (KBO),유격,114.6269876,0.064156734,0.052906734,6,9,1,0,0,0,3,0,0,0,0,0,0,0,0,1,0,0.166666667,0.444444444,0.166666667,0.611111111,0.367827403,0.177953892,0.006616572,2.664285714,-0.105503124,0.01125
류현준,Bears (KBO),포수,375.3940495,0.125322956,0.119072956,3,3,2,1,0,0,0,0,0,0,0,0,0,0,0,0,1,0.666666667,0.666666667,1,1.666666667,0.73610096,1.116826977,0.001654143,1.414285714,-0.077751562,0.00625
최상민,Landers (KBO),우익,40.37233967,-0.034169276,-0.017919276,12,13,2,2,0,0,0,1,0,0,0,5,0,2,1,9,1,0.166666667,0.230769231,0.333333333,0.564102564,0.262959774,-1.047855048,-0.244806237,51.64871659,0.463468528,-0.01625
이호준,Giants (KBO),유격,265.0976532,0.278659359,0.271159359,5,6,2,1,1,0,1,0,0,0,0,0,0,0,0,5,3,0.4,0.5,1,1.5,0.580332643,1.33906679,0.001654143,40.99761905,1.070872657,0.0075
이인한,Giants (KBO),중견,324.8104448,0.135946598,0.134279932,3,4,2,0,0,0,0,1,0,0,0,0,0,0,0,0,2,0.666666667,0.75,0.666666667,1.416666667,0.664663241,1.21558845,0.004962429,1.414285714,-0.077751562,0.001666667
송승환,Dinos (KBO),우익,-15.25600734,-0.057873277,-0.051623277,5,5,1,0,0,0,0,0,0,0,0,1,0,0,0,1,0,0.2,0.2,0.2,0.4,0.184397516,-0.779011132,0.001654143,6.414285714,0.011124219,-0.00625
김민성,Giants (KBO),3루,80.13202275,0.105442736,0.070442736,70,84,14,5,0,2,10,3,1,0,0,18,1,0,1,6,8,0.2,0.321428571,0.357142857,0.678571429,0.319111191,-2.256020433,-0.613377519,2.320079573,-0.62617469,0.035
류승민,Lions (KBO),우익,229.4252812,0.053463945,0.057213945,1,3,0,0,0,0,2,0,0,0,0,1,0,0,0,1,0,0,0.666666667,0,0.666666667,0.529953614,0.524868441,0.003308286,0,-0.106037276,-0.00375
정은원,Eagles (KBO),좌익,65.14635746,0.013107984,0.110607984,64,78,11,3,1,1,13,0,0,1,0,16,0,2,0,10,6,0.171875,0.311688312,0.296875,0.608563312,0.297947382,-3.674962097,0.431428718,7.256703903,0.449613221,-0.0975
김재현,Heroes (KBO),포수,45.69278595,-0.328470225,-1.007636891,288,326,70,11,0,0,14,10,4,10,0,63,8,1,1,27,26,0.243055556,0.297468354,0.28125,0.578718354,0.270473682,-23.93234269,-0.309166508,2.729743672,-2.134859716,0.679166667
홍성호,Bears (KBO),1루,100.1880673,0.054866127,0.086116127,14,15,4,2,0,0,1,0,0,0,0,7,0,1,0,0,1,0.285714286,0.333333333,0.428571429,0.761904762,0.347435745,0.00381342,0.204962429,3.349572198,-0.097614581,-0.03125
이주헌,Twins (KBO),포수,375.3940495,0.250645912,0.238145912,6,6,4,2,0,0,0,0,0,0,0,2,0,0,0,0,3,0.666666667,0.666666667,1,1.666666667,0.73610096,2.233653953,0.003308286,1.414285714,-0.155503124,0.0125
양찬열,Bears (KBO),우익,96.42038069,0.030582497,0.045582497,8,12,1,0,0,0,4,0,0,0,0,1,0,0,0,2,1,0.125,0.416666667,0.125,0.541666667,0.342114754,-0.058066838,0.008270715,3.414285714,-0.094378905,-0.015
이진영,Eagles (KBO),중견,55.3825912,-0.145463047,-0.187546381,91,101,19,6,0,1,8,2,0,0,0,27,3,0,1,20,13,0.208791209,0.287128713,0.307692308,0.594821021,0.284158306,-6.091662125,-0.610069233,4.40693402,-0.223732448,0.042083333
김민수,Lions (KBO),포수,84.10196673,0.035751827,0.01908516,8,8,2,0,0,1,0,0,0,0,0,1,0,0,0,1,3,0.25,0.25,0.625,0.875,0.324717824,-0.171926759,0.001654143,1.414285714,-0.038875781,0.016666667
고종욱,Tigers (KBO),좌익,87.67699512,0.019500307,0.062000307,31,34,8,2,0,1,3,0,0,0,0,6,2,0,0,3,4,0.258064516,0.323529412,0.419354839,0.74288425,0.329766731,-0.566377023,0.013233144,0.033333333,-0.526853048,-0.0425
김성윤,Lions (KBO),중견,61.36374539,0.020174153,-0.01690918,74,89,18,4,0,0,9,1,2,3,0,16,1,3,1,15,6,0.243243243,0.325581395,0.297297297,0.622878693,0.292605311,-4.648310331,-0.006760947,5.440246416,0.035979477,0.037083333
김강민,Eagles (KBO),중견,64.59477576,-0.023813506,-0.060063506,76,87,17,0,0,1,8,3,0,0,0,21,1,0,0,5,7,0.223684211,0.32183908,0.263157895,0.584996975,0.297168399,-4.163865481,0.044661862,1.837566138,-0.831431442,0.03625
박경수,Wiz (KBO),2루,359.44864,0.123856489,0.122606489,3,3,2,1,0,0,0,0,0,0,0,1,0,0,0,2,1,0.666666667,0.666666667,1,1.666666667,0.713581733,1.052162313,0.001654143,6.414285714,0.022248438,0.00125
김대원,Twins (KBO),지명,181.8947632,0.040697428,0.052364094,4,4,2,0,0,0,0,0,0,0,0,1,0,2,1,5,0,0.5,0.5,0.5,1,0.462827679,0.442818964,-0.243152094,17.69927106,0.123974072,-0.011666667
임병욱,Heroes (KBO),중견,60.313751,0.006009964,-0.032323369,87,92,21,3,0,3,4,0,1,0,0,32,1,1,0,14,10,0.24137931,0.27173913,0.379310345,0.651049475,0.291122436,-4.935577423,0.231428718,4.306022976,-0.219084984,0.038333333
박승욱,Giants (KBO),유격,87.96443909,1.689492461,1.109492461,402,464,105,19,1,7,43,10,3,3,3,119,7,4,5,55,52,0.26119403,0.349240781,0.365671642,0.714912423,0.330172679,-7.549086546,-2.215609162,3.618137422,-2.340379682,0.58
송지후,Heroes (KBO),2루,-145.8241613,-0.027813663,-0.02823033,1,1,0,0,0,0,0,0,0,0,0,0,0,0,0,1,0,0,0,0,0,0,-0.332303301,0,0,0,0.000416667
정대선,Giants (KBO),2루,-145.8241613,-0.055627327,-0.05646066,2,2,0,0,0,0,0,0,0,0,0,2,0,0,0,0,0,0,0,0,0,0,-0.664606601,0,0,0,0.000833333
박민,Tigers (KBO),유격,75.47194085,0.023839818,-0.013660182,29,30,8,4,0,0,1,0,0,0,0,7,0,0,1,5,2,0.275862069,0.3,0.413793103,0.713793103,0.312529896,-0.994705521,-0.638189665,5.255530908,-0.003706632,0.0375
김한별,Dinos (KBO),유격,106.3757663,0.302431056,0.248681056,37,43,11,1,0,0,2,4,0,0,0,9,1,0,0,8,2,0.297297297,0.395348837,0.324324324,0.719673162,0.356174448,0.370604709,0.026466289,4.838321995,-0.060260436,0.05375
김현준,Lions (KBO),우익,41.13154869,-0.840649778,-0.584399778,183,205,41,10,1,0,11,4,3,4,0,49,4,2,0,23,11,0.224043716,0.278606965,0.289617486,0.568224452,0.264031983,-16.31347796,0.474436437,4.811563312,-0.25495626,-0.25625
서예일,Bears (KBO),3루,41.55082486,-0.062021983,-0.070355316,18,20,4,0,0,0,2,0,0,0,0,5,0,0,0,2,1,0.222222222,0.3,0.222222222,0.522222222,0.264624114,-1.580223336,0.009924858,3.080952381,-0.133254686,0.008333333
천성호,Wiz (KBO),2루,87.38316112,1.225126795,1.118876795,234,255,69,8,3,1,18,1,1,1,0,43,5,7,0,41,17,0.294871795,0.346456693,0.367521368,0.71397806,0.329351758,-4.349114346,1.525714871,6.76950035,1.262167423,0.10625
오명진,Bears (KBO),2루,135.6129206,0.015325141,0.014491808,1,2,0,0,0,0,1,0,0,0,0,1,0,0,0,0,1,0,0.5,0,0.5,0.397465211,0.09628257,0.001654143,0,-0.053018638,0.000833333
강민성,Wiz (KBO),1루,-145.8241613,-0.030313663,-0.02823033,1,1,0,0,0,0,0,0,0,0,0,0,0,0,0,0,0,0,0,0,0,0,-0.332303301,0,0,0,-0.002083333
유강남,Giants (KBO),포수,50.43695087,-0.044785153,-0.36770182,136,155,26,3,0,5,9,7,1,2,0,25,4,0,0,11,20,0.191176471,0.274509804,0.323529412,0.598039216,0.277173725,-10.38483985,0.056240863,1.640466424,-1.098419216,0.322916667
안익훈,Twins (KBO),좌익,4.233271379,-0.48237965,-0.41237965,49,56,9,1,0,0,4,0,1,2,0,13,2,2,0,8,3,0.183673469,0.240740741,0.204081633,0.444822373,0.211921644,-7.249578685,0.419849716,4.578267399,-0.094067534,-0.07
주성원,Heroes (KBO),우익,41.23594935,-0.315125102,-0.237625102,55,62,11,1,0,1,6,0,0,1,0,18,2,0,0,7,5,0.2,0.278688525,0.272727273,0.551415797,0.264179424,-4.925082419,0.024812146,1.701984127,-0.57598075,-0.0775
카데나스,Lions (KBO),우익,146.6876873,0.160052268,0.191302268,24,25,8,2,0,2,1,0,0,0,0,6,1,0,1,2,5,0.333333333,0.36,0.666666667,1.026666667,0.413105774,1.577801842,-0.638189665,0.692038844,-0.276589498,-0.03125
장규빈,Bears (KBO),포수,18.03530093,-0.014708542,-0.023041876,4,4,1,0,0,0,0,0,0,0,0,1,0,0,0,1,0,0.25,0.25,0.25,0.5,0.23141384,-0.443197119,0.001654143,6.414285714,0.011124219,0.008333333
한경빈,Eagles (KBO),유격,-145.8241613,-0.02698033,-0.02823033,1,1,0,0,0,0,0,0,0,0,0,1,0,0,0,0,0,0,0,0,0,0,-0.332303301,0,0,0,0.00125
강성우,Giants (KBO),지명,71.03755541,-0.06997599,-0.06122599,2,3,1,0,0,0,0,0,0,1,0,0,0,0,1,0,0,0.5,0.5,0.5,1,0.306267345,-0.117453661,-0.644806237,4.057142857,0,-0.00875
양도근,Lions (KBO),2루,59.7691801,0.053205635,0.041122301,23,29,4,0,1,0,5,0,0,1,0,8,0,0,0,5,2,0.173913043,0.321428571,0.260869565,0.582298137,0.290353354,-1.577128102,0.013233144,11.13650794,0.525117971,0.012083333
김재상,Lions (KBO),2루,51.49035459,-0.005818441,-0.043735107,84,91,20,4,0,2,5,0,1,1,0,23,0,4,0,13,12,0.238095238,0.277777778,0.357142857,0.634920635,0.278661416,-5.967323482,0.831428718,5.947705944,0.14854369,0.037916667
정우영,Twins (KBO),P,-145.8241613,-0.02823033,-0.02823033,1,1,0,0,0,0,0,0,0,0,0,1,0,0,0,0,0,0,0,0,0,0,-0.332303301,0,0,0,0
김호령,Tigers (KBO),중견,17.18641473,-0.416022706,-0.441856039,54,62,7,2,0,1,8,0,0,0,0,25,1,3,2,11,3,0.12962963,0.241935484,0.222222222,0.464157706,0.230214983,-6.940701472,-0.673071044,6.095298192,0.095212126,0.025833333
안승한,Bears (KBO),포수,-14.73659152,-0.045855539,-0.056272206,5,5,1,0,0,0,0,0,0,0,0,1,0,0,0,0,0,0.2,0.2,0.2,0.4,0.185131072,-0.77550042,0.001654143,1.414285714,-0.038875781,0.010416667
현원회,Landers (KBO),포수,-145.8241613,-0.026146997,-0.02823033,1,1,0,0,0,0,0,0,0,0,0,1,0,0,0,0,0,0,0,0,0,0,-0.332303301,0,0,0,0.002083333
김태훈,Lions (KBO),우익,18.31755983,-0.161405232,-0.135155232,20,21,4,1,0,0,0,1,0,0,0,3,1,0,0,2,1,0.2,0.238095238,0.25,0.488095238,0.231812465,-2.31877221,0.006616572,3.066946779,-0.089396681,-0.02625
최승민,Twins (KBO),좌익,-34.50002527,-0.610811908,-0.590811908,13,16,1,0,0,0,2,0,0,1,0,3,0,11,7,20,1,0.076923077,0.2,0.076923077,0.276923077,0.157219763,-2.909058383,-2.320260232,42.27187546,-1.478800466,-0.02
백두산,Giants (KBO),포수,-145.8241613,-0.026146997,-0.02823033,1,1,0,0,0,0,0,0,0,0,0,1,0,0,0,0,0,0,0,0,0,0,-0.332303301,0,0,0,0.002083333
권휘,Bears (KBO),P,-145.8241613,-0.02823033,-0.02823033,1,1,0,0,0,0,0,0,0,0,0,1,0,0,0,0,0,0,0,0,0,0,-0.332303301,0,0,0,0
문승원,Landers (KBO),P,-145.8241613,-0.02823033,-0.02823033,1,1,0,0,0,0,0,0,0,0,0,1,0,0,0,0,0,0,0,0,0,0,-0.332303301,0,0,0,0
백승현,Twins (KBO),P,-145.8241613,-0.02823033,-0.02823033,1,1,0,0,0,0,0,0,0,0,0,0,0,0,0,0,0,0,0,0,0,0,-0.332303301,0,0,0,0
전준호,Twins (KBO),포수,-145.8241613,-0.026146997,-0.02823033,1,1,0,0,0,0,0,0,0,0,0,1,0,0,0,0,0,0,0,0,0,0,-0.332303301,0,0,0,0.002083333
여동건,Bears (KBO),2루,143.6872532,0.190428472,0.185845139,10,11,4,0,0,0,1,0,0,0,0,2,0,3,0,2,0,0.4,0.454545455,0.4,0.854545455,0.40886835,0.649617197,0.608270715,6.313133341,0.050563476,0.004583333
황대인,Tigers (KBO),1루,71.17615658,-0.009467777,0.005115556,7,7,2,1,0,0,0,0,0,0,0,1,0,0,0,1,3,0.285714286,0.285714286,0.428571429,0.714285714,0.306463088,-0.272747023,0.001654143,3.914285714,-0.027751562,-0.014583333
임종성,Bears (KBO),2루,-5.10562036,-0.0388879,-0.040554567,3,4,0,0,0,0,1,0,0,0,0,1,0,0,0,0,0,0,0.25,0,0.25,0.198732605,-0.568324031,0.001654143,1.414285714,-0.038875781,0.001666667
이영빈,Twins (KBO),1루,44.18548849,-0.398825808,-0.250909141,63,71,14,2,0,2,4,0,2,2,0,20,0,0,1,11,12,0.222222222,0.260869565,0.349206349,0.610075914,0.268344971,-5.356924995,-0.623302378,4.776103548,-0.078864039,-0.147916667
최민창,Landers (KBO),우익,-145.8241613,-0.08844099,-0.08469099,3,3,0,0,0,0,0,0,0,0,0,1,0,0,0,2,0,0,0,0,0,0,-0.996909902,0,0,0,-0.00375
박성빈,Heroes (KBO),포수,98.26057432,0.071663698,0.048747031,9,11,2,1,0,0,1,1,0,0,0,2,0,0,0,1,2,0.222222222,0.363636364,0.333333333,0.696969697,0.344713604,-0.025864772,0.004962429,3.914285714,-0.041627343,0.022916667
신범수,Landers (KBO),지명,56.70185002,-0.112373329,-0.027789996,27,29,6,3,0,0,1,1,0,0,0,5,0,0,0,4,2,0.222222222,0.275862069,0.333333333,0.609195402,0.286021455,-1.697373537,0.008270715,4.747619048,-0.038797133,-0.084583333
최경모,Landers (KBO),2루,23.04500321,-0.307902692,-0.328736026,35,50,6,0,0,0,8,0,0,7,0,7,2,6,3,12,0,0.171428571,0.325581395,0.171428571,0.497009967,0.238488893,-5.201360048,-0.716223138,6.485708604,0.130222927,0.020833333
김성진,Twins (KBO),지명,101.8868338,0.01109708,0.057763746,15,16,4,0,0,1,1,0,0,0,0,4,1,0,0,1,2,0.266666667,0.3125,0.466666667,0.779166667,0.349834863,0.040809731,0.006616572,-1.442857143,-0.269788838,-0.046666667
강진성,Landers (KBO),지명,14.57400818,-0.30317649,-0.212759823,27,31,5,0,0,0,3,0,0,1,0,5,0,0,0,4,2,0.185185185,0.266666667,0.185185185,0.451851852,0.226525559,-3.579825129,0.013233144,3.914285714,-0.111006248,-0.090416667
최명경,Twins (KBO),3루,72.65512167,0.001438454,0.000188454,3,3,1,0,0,0,0,0,0,0,0,1,0,0,0,0,0,0.333333333,0.333333333,0.333333333,0.666666667,0.308551786,-0.110893819,0.001654143,1.414285714,-0.038875781,0.00125
김시앙,Heroes (KBO),포수,-51.20208562,-0.092214541,-0.106797874,7,7,1,0,0,0,0,0,0,0,0,1,0,0,0,1,0,0.142857143,0.142857143,0.142857143,0.285714286,0.13363194,-1.430757102,0.001654143,6.414285714,0.011124219,0.014583333
류효승,Landers (KBO),지명,-145.8241613,-0.062293993,-0.05646066,2,2,0,0,0,0,0,0,0,0,0,0,0,0,0,0,0,0,0,0,0,0,-0.664606601,0,0,0,-0.005833333
장준원,Wiz (KBO),유격,15.58188948,-0.106519229,-0.129019229,14,18,1,0,0,0,4,0,0,0,0,5,0,0,0,1,0,0.071428571,0.277777778,0.071428571,0.349206349,0.22794896,-2.054084102,0.008270715,2.414285714,-0.144378905,0.0225
김주형,Heroes (KBO),유격,25.9375237,-0.166596816,-0.197846816,20,25,3,0,0,0,1,3,0,1,0,9,0,0,1,0,2,0.15,0.291666667,0.15,0.441666667,0.242573913,-2.502927823,-0.634881379,2.279898494,-0.09065896,0.03125
장규현,Eagles (KBO),포수,-65.41356648,-0.110662224,-0.125245557,6,7,0,0,0,0,1,0,0,0,0,1,0,0,0,0,0,0,0.142857143,0,0.142857143,0.113561489,-1.565233932,0.001654143,1.414285714,-0.038875781,0.014583333
김수윤,Dinos (KBO),1루,41.03140903,-0.061713134,-0.040879801,9,10,2,0,0,0,1,0,0,0,0,4,0,0,0,0,0,0.222222222,0.3,0.222222222,0.522222222,0.263890558,-0.797133093,0.004962429,1.414285714,-0.116627343,-0.020833333
유로결,Eagles (KBO),우익,41.24453312,-0.27692533,-0.22817533,36,39,8,1,0,0,3,0,0,0,0,11,4,0,1,6,4,0.222222222,0.282051282,0.25,0.532051282,0.264191547,-3.09758318,-0.62991895,0.259352059,-0.504251175,-0.04875
한유섬,Landers (KBO),우익,89.61313037,0.860605943,1.509355943,460,519,109,29,0,24,43,9,3,1,3,142,2,0,1,64,87,0.236956522,0.316602317,0.456521739,0.773124056,0.332501077,-7.287224129,-0.467812932,2.916168801,-3.101403513,-0.64875
김창평,Landers (KBO),지명,-20.7410138,-0.105977425,-0.079727425,7,9,0,0,0,0,2,0,0,0,0,4,0,1,0,1,0,0,0.222222222,0,0.222222222,0.176651205,-1.468951362,0.203308286,6.220305089,0.018368826,-0.02625
안치영,Wiz (KBO),중견,27.46090488,-0.25750178,-0.27750178,44,48,11,0,0,0,2,0,0,2,0,12,0,0,1,12,3,0.25,0.282608696,0.25,0.532608696,0.244725339,-4.706775236,-0.624956521,6.607813467,0.156713959,0.02
윤준호,Bears (KBO),포수,18.03530093,-0.014708542,-0.023041876,4,4,1,0,0,0,0,0,0,0,0,1,0,0,0,1,1,0.25,0.25,0.25,0.5,0.23141384,-0.443197119,0.001654143,6.414285714,0.011124219,0.008333333
오선우,Tigers (KBO),1루,-16.47327669,-0.067862692,-0.057446025,5,5,1,0,0,0,0,0,0,0,0,2,0,0,0,0,0,0.2,0.2,0.2,0.4,0.182678403,-0.787238611,0.001654143,1.414285714,-0.038875781,-0.010416667
장승현,Bears (KBO),포수,39.09138621,-0.099639891,-0.147556557,20,23,4,2,0,0,2,0,0,1,0,5,0,0,1,1,0,0.2,0.272727273,0.3,0.572727273,0.261150722,-1.893723813,-0.639843808,3.461904762,-0.091997952,0.047916667
권동진,Wiz (KBO),2루,41.22570688,-0.021450484,-0.02561715,9,10,2,0,0,0,1,0,0,0,0,2,0,0,0,3,0,0.222222222,0.3,0.222222222,0.522222222,0.264164959,-0.794506589,0.004962429,6.414285714,0.033372657,0.004166667
강승구,Giants (KBO),포수,-145.8241613,-0.052293993,-0.05646066,2,2,0,0,0,0,0,0,0,0,0,1,0,0,0,0,0,0,0,0,0,0,-0.664606601,0,0,0,0.004166667
한승택,Tigers (KBO),포수,176.6189098,0.210672932,0.183589599,9,13,3,0,0,0,4,0,0,0,0,1,0,0,0,2,2,0.333333333,0.538461538,0.333333333,0.871794872,0.455376748,1.346447453,0.011579001,2.842857143,-0.172130467,0.027083333
이명기,Eagles (KBO),지명,-145.8241613,-0.249175974,-0.22584264,7,8,0,0,0,0,0,0,0,1,0,3,0,0,0,0,1,0,0,0,0,0,-2.658426404,0,0,0,-0.023333333
김수환,Heroes (KBO),지명,-145.8241613,-0.09344099,-0.08469099,3,3,0,0,0,0,0,0,0,0,0,1,0,0,0,0,0,0,0,0,0,0,-0.996909902,0,0,0,-0.00875
신용석,Dinos (KBO),포수,-145.8241613,-0.052293993,-0.05646066,2,2,0,0,0,0,0,0,0,0,0,0,1,0,0,0,0,0,0,0,0,0,-0.664606601,0,0,0,0.004166667
한재환,Dinos (KBO),3루,-145.8241613,-0.111254654,-0.11292132,4,4,0,0,0,0,0,0,0,0,0,2,0,0,0,0,0,0,0,0,0,0,-1.329213202,0,0,0,0.001666667
안현민,Wiz (KBO),좌익,63.98336514,0.003315559,0.039565559,25,29,5,0,1,1,2,1,1,0,0,10,0,0,0,5,2,0.2,0.275862069,0.4,0.675862069,0.296304922,-1.411923672,0.009924858,11.0961039,0.347654405,-0.03625
김수인,Twins (KBO),2루,-145.8241613,-0.08344099,-0.08469099,3,3,0,0,0,0,0,0,0,0,0,2,0,0,0,0,0,0,0,0,0,0,-0.996909902,0,0,0,0.00125
김도환,Lions (KBO),포수,-145.8241613,-0.07844099,-0.08469099,3,3,0,0,0,0,0,0,0,0,0,1,0,0,0,0,0,0,0,0,0,0,-0.996909902,0,0,0,0.00625
이상혁,Eagles (KBO),지명,19.21279081,-0.127764765,-0.084014765,13,15,2,0,0,0,2,0,0,0,0,5,0,5,2,13,0,0.153846154,0.266666667,0.153846154,0.420512821,0.233076773,-1.638113364,-0.286304188,22.01535902,0.334269904,-0.04375
김세훈,Dinos (KBO),유격,-33.24932855,-0.062534897,-0.068784897,4,5,0,0,0,0,1,0,0,0,0,2,0,0,0,0,0,0,0.2,0,0.2,0.158986084,-0.900627331,0.001654143,1.414285714,-0.038875781,0.00625
김동헌,Heroes (KBO),포수,112.2610983,0.053906544,0.039323211,5,7,1,0,0,0,1,1,0,0,0,0,0,0,0,0,1,0.2,0.428571429,0.2,0.628571429,0.364486128,0.11602124,0.004962429,1.414285714,-0.077751562,0.014583333
박영빈,Dinos (KBO),좌익,274.9832193,0.178455736,0.187205736,6,7,3,2,0,0,1,0,0,0,0,3,0,2,1,3,1,0.5,0.571428571,0.833333333,1.404761905,0.594293734,1.655787239,-0.243152094,8.949271061,0.109422217,-0.00875
송찬의,Twins (KBO),지명,-6.518043956,-0.233765692,-0.172515692,15,21,1,0,0,0,3,1,1,1,0,6,0,1,0,2,1,0.066666667,0.25,0.066666667,0.316666667,0.196737882,-3.023796543,0.208270715,6.311086463,0.040368906,-0.06125
박민준,Bears (KBO),포수,-145.8241613,-0.130734984,-0.14115165,5,5,0,0,0,0,0,0,0,0,0,3,0,0,0,0,0,0,0,0,0,0,-1.661516503,0,0,0,0.010416667
노진혁,Giants (KBO),유격,50.81793775,-0.180081662,-0.376331662,137,157,30,6,0,2,14,1,2,2,1,39,1,0,0,13,13,0.218978102,0.296774194,0.306569343,0.603343537,0.277711781,-10.43798038,0.061203292,2.426190476,-1.236539534,0.19625
조형우,Landers (KBO),포수,68.44688818,0.110246441,0.031079774,33,38,8,0,0,0,1,4,0,0,0,6,0,0,0,4,4,0.242424242,0.342105263,0.242424242,0.584529506,0.302608623,-1.620824086,0.02150386,5.414285714,0.010117971,0.079166667
양우현,Lions (KBO),2루,-108.299217,-0.34891983,-0.35516983,13,15,0,0,0,0,1,0,0,1,0,6,1,0,0,0,1,0,0.071428571,0,0.071428571,0.052995361,-4.223660337,0.001654143,-2.667346939,-0.079692108,0.00625
이우성,Tigers (KBO),1루,100.1926617,1.128488923,2.059738923,398,447,115,16,1,9,43,3,3,0,0,88,17,7,1,55,54,0.288944724,0.360178971,0.40201005,0.762189021,0.347442234,0.116416102,0.97684893,3.378974753,-2.845875806,-0.93125
홍현빈,Wiz (KBO),우익,69.53196872,0.049002557,0.076502557,18,22,4,0,1,0,3,0,0,1,0,7,0,0,0,5,2,0.222222222,0.333333333,0.333333333,0.666666667,0.30414105,-0.906102153,0.009924858,13.31904762,0.561202867,-0.0275
박지환,Landers (KBO),2루,79.55163124,0.684993528,0.582493528,225,246,63,9,2,4,12,3,3,3,0,61,3,8,3,33,21,0.28,0.320987654,0.391111111,0.712098765,0.318291521,-6.799920955,-0.235170129,6.125431996,0.560026365,0.1025
김범준,Dinos (KBO),좌익,-145.8241613,-0.14740165,-0.14115165,5,5,0,0,0,0,0,0,0,0,0,2,1,0,0,0,0,0,0,0,0,0,-1.661516503,0,0,0,-0.00625
김민식,Landers (KBO),포수,54.9987494,0.003100041,-0.259399959,106,126,22,5,0,1,16,0,0,4,0,33,2,0,0,10,10,0.20754717,0.31147541,0.283018868,0.594494278,0.283616217,-7.664877476,0.052932577,1.836851137,-1.28205469,0.2625
원성준,Heroes (KBO),지명,69.43208713,-0.28264658,0.079020087,111,124,28,5,0,2,10,0,2,1,0,36,2,2,0,12,11,0.252252252,0.308943089,0.351351351,0.660294441,0.30399999,-5.123863607,0.451278434,3.254047258,-0.737213959,-0.361666667
김동진,Lions (KBO),2루,-30.15541049,-0.520387537,-0.537887537,37,42,4,0,0,1,3,0,0,2,0,10,1,0,0,5,2,0.108108108,0.175,0.189189189,0.364189189,0.163355533,-7.389611481,0.009924858,3.648717949,-0.099188752,0.0175
김두현,Tigers (KBO),유격,15.86444446,-0.019215695,-0.024215695,4,4,1,0,0,0,0,0,0,0,0,0,0,0,0,1,0,0.25,0.25,0.25,0.5,0.228348004,-0.454935311,0.001654143,6.414285714,0.011124219,0.005
공민규,Lions (KBO),3루,24.76356969,-0.091347753,-0.098431086,14,17,1,0,0,1,1,2,0,0,0,9,1,0,0,1,2,0.071428571,0.235294118,0.285714286,0.521008403,0.240915973,-1.728968941,0.004962429,-5.728571429,-0.110304352,0.007083333
김재성,Lions (KBO),포수,52.18586092,-0.010297274,-0.058213941,20,23,4,1,0,0,3,0,0,0,0,5,1,0,0,3,1,0.2,0.304347826,0.25,0.554347826,0.279643659,-1.486600468,0.009924858,1.652380952,-0.2554638,0.047916667
함창건,Twins (KBO),좌익,-2.493336279,-0.182062826,-0.160812826,14,17,2,0,0,0,2,0,0,1,0,3,1,0,0,3,0,0.142857143,0.25,0.142857143,0.392857143,0.202421856,-2.3553456,0.006616572,2.566883117,-0.109399228,-0.02125
이창용,Lions (KBO),1루,-9.36663655,-0.259270208,-0.215520208,21,21,4,1,0,0,0,0,0,0,0,4,0,0,0,1,2,0.19047619,0.19047619,0.238095238,0.428571429,0.192714899,-3.104661381,0.004962429,2.664285714,-0.105503124,-0.04375
김규성,Tigers (KBO),유격,73.60950375,0.075033476,0.056283476,12,15,3,1,0,0,2,0,0,1,0,4,0,1,0,5,2,0.25,0.357142857,0.333333333,0.69047619,0.309899631,-0.535117193,0.206616572,8.128571429,0.141335381,0.01875
최항,Giants (KBO),2루,54.70980026,-0.219850648,-0.279433982,132,143,33,3,1,0,10,1,0,0,0,32,3,0,1,17,12,0.25,0.307692308,0.287878788,0.595571096,0.283208143,-8.754883315,-0.580294659,3.851478469,-0.609161844,0.059583333
김건형,Wiz (KBO),우익,-36.52396823,-0.37268432,-0.34143432,24,25,3,1,0,0,1,0,0,0,0,8,0,0,0,2,1,0.125,0.16,0.166666667,0.326666667,0.154361408,-4.613802505,0.004962429,3.914285714,-0.055503124,-0.03125
최정용,Tigers (KBO),2루,-16.47327669,-0.118888648,-0.123055315,10,10,2,0,0,0,0,0,0,0,0,3,1,0,0,0,0,0.2,0.2,0.2,0.4,0.182678403,-1.574477222,0.003308286,-2.667346939,-0.159384215,0.004166667
임종찬,Eagles (KBO),중견,36.4578744,-0.212311077,-0.238977743,57,64,9,3,2,0,6,1,0,0,0,19,2,0,1,10,7,0.157894737,0.25,0.280701754,0.530701754,0.257431491,-5.497329915,-0.628264807,9.129130157,0.535817288,0.026666667
김재혁,Lions (KBO),1루,12.9275162,-0.551567561,-0.439067561,49,54,9,2,1,0,3,0,2,0,0,19,2,2,2,6,6,0.183673469,0.222222222,0.265306122,0.487528345,0.224200267,-6.356013072,-0.878033473,6.735573123,0.143370931,-0.1125
김동엽,Lions (KBO),지명,-39.97815503,-0.357446939,-0.296196939,18,21,2,1,0,0,0,1,1,0,1,5,0,0,0,1,2,0.111111111,0.19047619,0.166666667,0.357142857,0.149483163,-3.973650337,0.003308286,3.914285714,-0.041627343,-0.06125
장두성,Giants (KBO),중견,19.15650059,-0.032188864,-0.047605531,32,37,5,0,0,0,3,2,0,0,0,9,2,14,3,22,1,0.15625,0.27027027,0.15625,0.42652027,0.232997276,-4.043495061,0.87716029,22.10745313,0.840279466,0.015416667
이학주,Giants (KBO),유격,78.1590603,0.324104342,0.192854342,95,105,25,2,2,2,6,2,0,2,0,44,0,0,1,13,4,0.263157895,0.32038835,0.389473684,0.709862034,0.316324835,-3.100064341,-0.601798518,6.660457655,0.380406276,0.13125
김성우,Twins (KBO),포수,-145.8241613,-0.130734984,-0.14115165,5,5,0,0,0,0,0,0,0,0,0,4,0,0,0,0,0,0,0,0,0,0,-1.661516503,0,0,0,0.010416667
박주홍,Heroes (KBO),좌익,13.03136032,-0.452502204,-0.378752204,49,59,5,2,0,0,10,0,0,0,0,17,1,2,0,5,1,0.102040816,0.254237288,0.142857143,0.397094431,0.224346923,-6.936250633,0.42150386,3.816695375,-0.222775265,-0.07375
정현승,Landers (KBO),우익,56.04812767,-0.067343215,-0.028593215,29,31,7,0,0,1,2,0,0,0,0,6,0,1,0,1,4,0.24137931,0.290322581,0.344827586,0.635150167,0.285098223,-1.841828391,0.213233144,2.710152545,-0.207336901,-0.03875
박준형,Heroes (KBO),포수,-145.8241613,-0.130734984,-0.14115165,5,5,0,0,0,0,0,0,0,0,0,3,0,0,0,0,0,0,0,0,0,0,-1.661516503,0,0,0,0.010416667
윤준혁,Wiz (KBO),3루,17.5479894,-0.103343927,-0.110843927,17,18,3,2,0,0,1,0,0,0,0,6,0,0,0,3,0,0.176470588,0.222222222,0.294117647,0.516339869,0.230725624,-2.006244431,0.003308286,5.164285714,-0.005503124,0.0075
김성욱,Dinos (KBO),중견,65.07906967,0.291073777,0.12190711,353,406,73,8,2,17,30,15,5,3,0,79,7,10,4,54,60,0.206798867,0.29280397,0.385269122,0.678073092,0.297852353,-19.16557827,-0.435314504,5.935966103,0.519963879,0.169166667
이재원,Eagles (KBO),포수,44.35426966,-0.196789022,-0.513455689,134,152,32,4,0,1,6,4,5,2,1,21,4,0,0,10,16,0.23880597,0.286666667,0.291044776,0.577711443,0.268583335,-11.43366658,0.061203292,1.717406963,-1.362093603,0.316666667
김찬형,Landers (KBO),2루,-145.8241613,-0.25032297,-0.25407297,9,9,0,0,0,0,0,0,0,0,0,4,0,0,0,0,0,0,0,0,0,0,-2.990729705,0,0,0,0.00375
송민섭,Wiz (KBO),우익,94.81561452,0.032202291,0.057202291,14,20,3,0,0,0,3,2,0,1,0,6,0,0,1,8,1,0.214285714,0.421052632,0.214285714,0.635338346,0.33984839,-0.140164286,-0.633227236,12.21015254,0.345414437,-0.025
강태율,Giants (KBO),포수,-145.8241613,-0.261469967,-0.282303301,10,10,0,0,0,0,0,0,0,0,0,4,0,0,0,0,0,0,0,0,0,0,-3.323033005,0,0,0,0.020833333
김호진,Lions (KBO),3루,-68.50233923,-0.541326378,-0.554659711,29,32,2,0,0,0,1,1,1,0,0,11,1,0,0,4,3,0.068965517,0.125,0.068965517,0.193965517,0.109199307,-7.288967291,0.006616572,9.826984127,0.135753609,0.013333333
김범석,Twins (KBO),지명,74.19224452,-0.436987071,0.088012929,162,180,39,4,0,6,12,2,2,0,2,49,4,0,0,14,24,0.240740741,0.305555556,0.37654321,0.682098765,0.310722619,-6.279612266,0.071128151,1.235083815,-1.911386598,-0.525
박시원,Dinos (KBO),중견,46.79533537,-0.201075599,-0.262742266,131,148,28,4,1,2,14,0,1,2,0,45,2,3,0,17,15,0.213740458,0.287671233,0.305343511,0.593014744,0.27203078,-10.64440804,0.657895006,5.199589736,-0.04090963,0.061666667
박한결,Dinos (KBO),좌익,73.21424175,-0.037779076,0.050970924,65,71,12,1,0,7,6,0,0,0,0,29,1,0,0,8,14,0.184615385,0.253521127,0.523076923,0.77659805,0.309341415,-2.570824217,0.01654143,0.883609494,-0.486007975,-0.08875
김민석,Giants (KBO),좌익,33.18210392,-0.394688022,-0.290938022,76,83,16,3,1,0,2,4,0,1,0,20,4,3,1,14,6,0.210526316,0.268292683,0.276315789,0.544608472,0.252805218,-7.496887225,-0.016685805,7.9735862,0.454192806,-0.10375
장재영,Heroes (KBO),중견,58.024202,-0.134565949,-0.190815949,116,135,20,3,0,4,16,3,0,0,0,61,2,0,0,14,13,0.172413793,0.288888889,0.301724138,0.590613027,0.287888974,-7.660247795,0.052932577,2.017975466,-1.050844271,0.05625
김민수,Twins (KBO),1루,-4.43525973,-0.261617367,-0.215784033,20,22,3,0,0,0,1,1,0,0,0,4,1,0,0,1,0,0.15,0.227272727,0.15,0.377272727,0.199679336,-3.10584602,0.008270715,1.295238095,-0.160265029,-0.045833333
황재균,Wiz (KBO),3루,73.08310715,0.273530913,0.05019758,493,536,128,22,0,13,34,2,2,5,0,95,16,4,6,60,58,0.259634888,0.308851224,0.38336714,0.692218364,0.309156217,-19.5029274,-2.865377829,2.553808587,-3.929718972,0.223333333
박민석,Wiz (KBO),2루,-5.721534368,-0.173300079,-0.179133412,14,14,3,0,0,0,0,0,0,0,0,7,0,0,1,6,0,0.214285714,0.214285714,0.214285714,0.428571429,0.197862768,-2.00079034,-0.641497951,12.8495722,0.150954168,0.005833333
김병휘,Heroes (KBO),유격,55.22054912,-0.004032617,-0.092782617,59,71,10,3,0,1,6,5,0,1,0,26,0,0,0,6,3,0.169491525,0.3,0.271186441,0.571186441,0.283929458,-4.297809891,0.028120432,3.914285714,-0.208136715,0.08875
강한울,Lions (KBO),3루,-92.62192056,-0.521799438,-0.532216104,21,25,2,0,0,0,0,0,1,3,0,6,1,0,0,1,1,0.095238095,0.090909091,0.095238095,0.186147186,0.07513594,-6.509622531,0.003308286,2.00952381,-0.0658468,0.010416667
박계범,Bears (KBO),2루,105.8490037,0.092985935,0.084652601,15,20,3,1,0,0,5,0,0,0,0,7,2,1,0,5,0,0.2,0.4,0.266666667,0.666666667,0.355430517,0.158132807,0.211579001,-1.237958649,-0.523185797,0.008333333
김인태,Bears (KBO),좌익,28.26238047,-0.172768039,-0.140268039,23,26,4,0,0,1,2,0,1,0,0,7,1,0,0,3,2,0.173913043,0.230769231,0.304347826,0.535117057,0.245857239,-2.521334103,0.008270715,1.50952381,-0.189617,-0.0325
이주찬,Giants (KBO),3루,18.90654532,-0.131854513,-0.14227118,24,25,4,1,0,1,1,0,0,0,0,9,1,0,0,7,2,0.166666667,0.2,0.333333333,0.533333333,0.232644272,-2.74053845,0.004962429,6.873469388,0.062864223,0.010416667
김웅빈,Heroes (KBO),지명,-20.6166847,-0.505128559,-0.405961893,29,34,3,0,0,0,3,1,0,1,0,14,1,0,0,2,2,0.103448276,0.212121212,0.103448276,0.315569488,0.176826791,-5.543657528,0.011579001,1.50952381,-0.2275404,-0.099166667
고영우,Heroes (KBO),3루,69.98293081,0.182668047,0.061834714,254,290,65,12,2,0,28,1,3,4,0,71,5,0,0,21,35,0.255905512,0.328671329,0.318897638,0.647568966,0.30477793,-11.76728773,0.132331443,2.886061048,-2.24669657,0.120833333
조용호,Wiz (KBO),우익,51.44485168,-0.497361325,-0.291111325,149,165,37,5,0,0,13,0,0,3,0,25,5,5,1,17,13,0.248322148,0.308641975,0.281879195,0.59052117,0.278597153,-10.83002148,0.427976057,3.752745791,-0.75906783,-0.20625
한석현,Dinos (KBO),우익,54.54093102,-0.183482117,-0.092232117,70,73,18,4,1,0,2,1,0,0,0,21,2,2,1,9,3,0.257142857,0.287671233,0.342857143,0.630528376,0.282969654,-4.485940261,-0.219994091,6.005091085,0.133613182,-0.09125
김대한,Bears (KBO),우익,3.070640327,-0.881542417,-0.770292417,75,89,10,1,0,1,8,2,2,2,0,26,1,1,1,10,7,0.133333333,0.229885057,0.186666667,0.416551724,0.210279695,-11.66152746,-0.416685805,4.834920635,-0.074710908,-0.11125
이원석,Heroes (KBO),지명,66.597748,-0.392019869,-0.074103202,91,109,20,4,0,0,14,2,2,0,0,18,2,0,0,5,8,0.21978022,0.330275229,0.263736264,0.594011493,0.299997138,-4.921668234,0.052932577,1.412756849,-1.322296367,-0.317916667
서동욱,Giants (KBO),포수,-44.68161476,-0.337743173,-0.393993173,26,27,3,1,0,0,0,1,0,0,0,8,1,0,0,2,0,0.115384615,0.148148148,0.153846154,0.301994302,0.142840607,-5.280647769,0.004962429,4.826984127,-0.014246391,0.05625
안상현,Landers (KBO),2루,-7.220487601,-0.750613421,-0.781863421,70,75,12,1,0,0,4,0,0,1,0,14,0,1,1,3,2,0.171428571,0.216216216,0.185714286,0.401930502,0.195745841,-10.87049023,-0.421648235,3.45855884,-0.276495746,0.03125
예진원,Heroes (KBO),중견,44.23046684,-0.07264939,-0.08139939,19,21,4,1,0,0,2,0,0,0,0,8,1,0,0,2,0,0.210526316,0.285714286,0.263157895,0.54887218,0.268408492,-1.583165774,0.008270715,0.483549784,-0.289098842,0.00875
정보근,Giants (KBO),포수,17.00198742,-0.661629751,-0.949129751,131,138,29,0,1,2,3,0,0,4,0,30,5,0,0,9,7,0.221374046,0.23880597,0.282442748,0.521248718,0.229954522,-15.48306255,0.047970148,2.114513438,-0.956205112,0.2875
한동희,Giants (KBO),지명,32.76774486,-0.295889544,-0.190889544,35,36,9,2,0,0,0,0,0,0,1,9,1,0,0,1,3,0.257142857,0.277777778,0.314285714,0.592063492,0.252220031,-3.27182652,0.011579001,0.815384615,-0.44864792,-0.105
이호연,Wiz (KBO),3루,-36.66272865,-0.586477602,-0.604394269,41,43,6,1,0,0,1,0,0,1,0,12,2,0,0,3,0,0.146341463,0.166666667,0.170731707,0.337398374,0.154165441,-7.943806047,0.009924858,1.586699507,-0.260061501,0.017916667
안주형,Lions (KBO),2루,21.64477952,-0.912030731,-0.981197397,142,166,31,2,0,0,11,1,0,12,0,39,3,4,2,24,8,0.218309859,0.279220779,0.232394366,0.511615145,0.236511399,-17.58272217,-0.425100896,5.041486542,-0.104150908,0.069166667
김태근,Bears (KBO),좌익,-32.6767513,-0.484642021,-0.450892021,23,27,2,0,0,0,0,3,0,1,0,10,0,0,1,7,1,0.086956522,0.192307692,0.086956522,0.279264214,0.159794718,-4.842489434,-0.638189665,-32.52224687,-0.378241107,-0.03375
임지열,Heroes (KBO),우익,-5.990948999,-0.648520053,-0.577270053,49,57,5,0,0,1,7,0,1,0,0,16,2,0,0,4,5,0.102040816,0.210526316,0.163265306,0.373791622,0.197482282,-8.166833942,0.018195573,0.992207792,-0.474062162,-0.07125
김성현,Landers (KBO),2루,58.98062541,-0.030866673,-0.100450006,141,167,32,3,1,1,16,4,1,5,0,28,7,2,0,21,15,0.226950355,0.320987654,0.283687943,0.604675598,0.289239702,-9.260098246,0.477744723,4.084530752,-0.572146538,0.069583333
허도환,Twins (KBO),포수,31.27034271,-0.304689051,-0.523439051,80,105,11,2,0,0,9,10,1,5,0,26,4,0,1,10,11,0.1375,0.3,0.1625,0.4625,0.250105295,-9.755365962,-0.600144375,4.623547131,-0.128880169,0.21875
오재일,Wiz (KBO),1루,87.70117726,0.127136266,0.841719599,296,343,72,18,1,11,36,2,9,0,0,88,7,0,0,33,45,0.243243243,0.320699708,0.422297297,0.742997006,0.329800882,-5.702532259,0.132331443,2.041448149,-3.162603193,-0.714583333
이승원,Heroes (KBO),유격,-48.47910786,-0.58845729,-0.63970729,37,41,4,1,0,0,2,0,0,2,0,13,2,0,0,3,1,0.108108108,0.153846154,0.135135135,0.288981289,0.13747752,-8.229231785,0.008270715,1.533333333,-0.226111829,0.05125
이재상,Heroes (KBO),유격,9.465042094,-0.562083357,-0.673333357,84,89,16,1,0,1,2,2,0,1,0,33,0,0,0,7,5,0.19047619,0.227272727,0.238095238,0.465367965,0.219310318,-10.89221987,0.029774575,3.414285714,-0.320888277,0.11125
김인환,Eagles (KBO),좌익,56.39509895,-0.459079969,-0.281579969,130,142,31,2,0,1,10,2,0,0,0,31,5,0,0,11,7,0.238461538,0.302816901,0.276923077,0.579739978,0.28558824,-8.370159587,0.066165722,1.27234924,-1.611805828,-0.1775
전의산,Landers (KBO),1루,-40.53566694,-1.109282058,-0.978032058,57,63,5,0,0,1,5,0,1,0,0,15,3,0,1,3,3,0.087719298,0.158730159,0.140350877,0.299081036,0.148695806,-11.96843036,-0.631573093,1.172899729,-0.330317127,-0.13125
하재훈,Landers (KBO),우익,73.68226418,0.24540241,0.63790241,287,314,72,19,0,10,18,2,5,2,0,88,5,15,2,40,36,0.25087108,0.294871795,0.421602787,0.716474582,0.310002389,-11.17090246,1.811290251,5.351397543,0.038636311,-0.3925
